,K-R,D-E,naa,A,C,D,E,F,G,H,I,K,L,M,N,P,Q,R,S,T,V,W,Y,K+R,D+E,K+R-D-E,K+R+D+E,F+W+Y,pI,KyteDoo,abs-charge,FoldIndex,disorder,entropy,betapropensity,log_solubility
P0A9Y6,10.14,-1.45,69,10.14,0.0,4.35,5.8,10.14,13.04,1.45,7.25,10.14,1.45,1.45,5.8,2.9,7.25,0.0,4.35,4.35,8.7,1.45,0.0,10.14,10.14,0.0,20.29,11.59,7.94,0.479,0.0,0.183,-0.059,3.812,0.999,0.36979076942203337
P0A9B2,4.53,3.02,331,10.57,0.91,7.55,4.53,3.32,9.06,1.81,6.04,8.16,6.04,2.42,5.44,2.72,1.51,3.63,4.53,8.16,10.27,0.91,2.42,11.78,12.08,-0.3,23.87,6.65,7.03,0.485,0.003,0.197,-0.069,4.045,1.019,-0.32149703615217123
P0A6Y8,3.92,0.78,638,10.97,0.16,8.62,7.84,2.35,7.37,1.25,6.9,7.84,7.52,2.35,4.08,3.61,5.8,3.92,3.92,6.9,7.37,0.16,1.1,11.76,16.46,-4.7,28.21,3.61,4.82,0.455,0.047,0.068,-0.08,3.998,0.966,-0.09169983245863118
P0A7K2,9.92,-8.26,121,23.14,0.0,4.96,13.22,1.65,6.61,0.0,4.96,10.74,6.61,3.31,0.83,1.65,0.83,0.83,4.96,2.48,13.22,0.0,0.0,11.57,18.18,-6.61,29.75,1.65,4.56,0.533,0.066,0.267,-0.149,3.431,0.987,-0.16639682116269638
P0A6F9,3.09,-4.12,97,7.22,0.0,6.19,10.31,1.03,10.31,1.03,10.31,8.25,7.22,2.06,5.15,2.06,0.0,5.15,6.19,3.09,13.4,0.0,1.03,13.4,16.49,-3.09,29.9,2.06,5.15,0.5,0.031,0.209,-0.095,3.775,1.042,-1.2054895106102947
P0ACF8,0.73,-9.49,137,10.95,0.73,4.38,13.87,0.73,4.38,0.0,4.38,8.76,10.22,2.92,4.38,2.19,5.11,8.03,4.38,6.57,5.11,0.73,2.19,16.79,18.25,-1.46,35.04,3.65,5.42,0.417,0.015,-0.006,-0.119,3.911,0.948,0.6624458349992922
P0A799,4.65,0.78,387,12.4,0.78,7.49,6.72,3.88,8.27,1.03,5.68,8.01,10.34,1.55,3.36,3.62,1.55,3.36,5.43,5.17,9.56,0.26,1.55,11.37,14.21,-2.84,25.58,5.68,5.06,0.508,0.028,0.235,-0.086,3.959,0.998,0.3041082345760657
P0A9G6,1.15,-0.92,434,12.9,1.15,5.3,6.22,4.38,8.06,1.84,4.61,4.84,7.6,2.3,2.76,3.92,6.68,3.69,5.76,6.22,5.99,1.84,3.92,8.53,11.52,-3.0,20.05,10.14,5.19,0.475,0.03,0.142,-0.083,4.132,0.983,-2.8448894472181427
P02359,-2.79,-5.03,179,12.29,0.0,2.79,7.82,2.79,5.59,1.68,2.79,7.82,8.94,2.79,3.91,3.91,2.79,10.61,8.38,2.79,8.94,1.12,2.23,18.44,10.61,7.82,29.05,6.15,10.76,0.449,0.078,0.021,-0.103,3.97,0.975,0.11722104576964544
P0A6P9,6.02,-2.08,432,13.66,0.23,5.79,7.87,2.78,10.88,1.62,8.1,8.56,6.94,3.01,4.4,2.55,2.55,2.55,5.09,4.86,5.79,0.23,2.55,11.11,13.66,-2.55,24.77,5.56,5.37,0.482,0.025,0.167,-0.076,3.971,0.969,0.13182571102638366
P0ACF0,8.89,-4.44,90,16.67,0.0,3.33,7.78,3.33,6.67,1.11,5.56,12.22,7.78,1.11,4.44,2.22,4.44,3.33,4.44,7.78,7.78,0.0,0.0,15.56,11.11,4.44,26.67,3.33,10.14,0.475,0.044,0.127,-0.11,3.796,0.974,0.27220507447198483
P0A6P1,6.71,-6.36,283,13.78,0.71,4.95,11.31,3.53,8.48,1.41,6.71,9.89,5.65,3.53,2.83,1.77,3.53,3.18,3.53,3.89,10.25,0.0,1.06,13.07,16.25,-3.18,29.33,4.59,5.24,0.487,0.032,0.173,-0.117,3.906,1.0,0.11576122517430645
P62707,3.6,-5.2,250,9.6,0.0,5.2,10.4,2.4,6.0,2.0,3.6,8.8,11.2,1.2,4.8,4.4,2.4,5.2,4.4,4.4,6.4,2.8,4.8,14.0,15.6,-1.6,29.6,10.0,6.02,0.437,0.016,0.05,-0.092,4.048,0.972,0.670100113004897
P25553,-0.63,-3.55,479,12.32,0.63,4.59,8.14,3.55,8.77,1.04,7.52,4.59,6.89,3.13,4.18,4.38,4.18,5.22,4.18,3.97,8.35,1.46,2.92,9.81,12.73,-2.92,22.55,7.93,5.04,0.494,0.029,0.195,-0.094,4.087,1.003,0.3711167428330487
P0AF93,2.34,-0.78,128,14.84,0.78,5.47,6.25,3.91,5.47,0.78,7.81,6.25,3.91,1.56,5.47,5.47,3.12,3.91,3.12,7.81,12.5,0.0,1.56,10.16,11.72,-1.56,21.88,5.47,5.39,0.51,0.016,0.252,-0.097,3.933,1.036,-0.4866540590926335
P0ABB4,-1.3,-2.61,460,7.39,0.22,5.87,8.48,3.04,9.78,1.52,5.87,4.35,9.13,3.26,2.39,4.35,4.35,5.65,5.43,5.22,10.22,0.22,3.26,10.0,14.35,-4.35,24.35,6.52,4.89,0.487,0.043,0.162,-0.082,4.049,1.014,-2.0463797713217993
P61175,2.73,4.55,110,11.82,0.0,8.18,3.64,0.91,3.64,3.64,8.18,11.82,7.27,2.73,2.73,1.82,1.82,9.09,6.36,5.45,10.0,0.0,0.91,20.91,11.82,9.09,32.73,1.82,10.72,0.461,0.091,0.043,-0.117,3.861,1.02,0.8727748846887601
P0AE08,4.28,-0.53,187,10.16,1.07,7.49,8.02,5.88,6.95,2.67,6.95,7.49,5.88,1.6,2.67,4.28,2.67,3.21,4.81,7.49,6.42,1.6,2.67,10.7,15.51,-4.81,26.2,10.16,5.01,0.469,0.048,0.107,-0.077,4.121,1.005,-2.2136577676063056
P0A7S9,-3.39,0.0,118,9.32,0.85,5.08,5.08,0.85,9.32,2.54,10.17,9.32,7.63,2.54,1.69,3.39,1.69,12.71,5.08,5.08,5.93,0.0,1.69,22.03,10.17,11.86,32.2,2.54,11.27,0.453,0.119,-0.008,-0.09,3.921,0.999,0.5428438924369674
P60624,9.62,-0.96,104,8.65,0.0,4.81,5.77,4.81,9.62,0.96,7.69,15.38,3.85,0.96,5.77,2.88,2.88,5.77,4.81,2.88,12.5,0.0,0.0,21.15,10.58,10.58,31.73,4.81,10.72,0.458,0.106,0.018,-0.083,3.802,1.016,0.09766261157482098
P0ADY3,-0.81,-0.81,123,5.69,1.63,4.07,4.88,2.44,9.76,0.81,9.76,8.94,6.5,3.25,4.88,4.07,2.44,9.76,4.88,4.07,11.38,0.0,0.81,18.7,8.94,9.76,27.64,3.25,11.19,0.486,0.098,0.104,-0.085,3.976,1.043,0.004336082591580353
P0A858,3.14,-4.31,255,17.65,1.18,3.92,8.24,2.35,8.63,3.14,7.45,6.27,6.67,2.75,3.53,2.75,4.31,3.14,4.31,3.53,7.45,0.78,1.96,9.41,12.16,-2.75,21.57,5.1,5.81,0.501,0.027,0.217,-0.107,3.995,0.983,-0.48821655096965905
P68679,-7.04,-9.86,71,12.68,1.41,1.41,11.27,4.23,1.41,1.41,1.41,12.68,5.63,1.41,2.82,4.23,0.0,19.72,2.82,4.23,8.45,0.0,2.82,32.39,12.68,19.72,45.07,7.04,11.55,0.379,0.197,-0.293,-0.137,3.641,0.982,0.48266332049968297
P0A6F5,3.28,-2.01,548,13.5,0.55,6.39,8.39,1.28,10.77,0.18,5.84,7.3,7.66,4.2,3.47,2.55,2.92,4.01,3.1,6.02,10.58,0.0,1.28,11.31,14.78,-3.47,26.09,2.55,4.83,0.499,0.035,0.204,-0.091,3.88,0.988,-1.6479947400081882
P0A850,2.08,-7.87,432,9.49,0.0,5.79,13.66,3.94,7.41,0.46,5.79,8.1,7.18,2.55,3.7,2.78,3.7,6.02,3.24,4.4,9.72,0.23,1.85,14.12,19.44,-5.32,33.56,6.02,4.81,0.452,0.053,0.056,-0.11,3.942,0.992,0.3026327546940417
P09373,1.58,0.66,760,8.42,0.66,6.97,6.32,3.95,7.5,1.84,5.79,6.58,8.16,4.21,4.61,3.95,3.95,5.0,4.74,6.32,5.66,0.92,4.47,11.58,13.29,-1.71,24.87,9.34,5.84,0.458,0.017,0.107,-0.074,4.168,0.988,-0.35335225447605695
P0C8J6,0.35,0.35,284,13.03,1.41,5.63,5.28,3.17,5.99,4.58,5.28,4.23,8.45,2.46,4.93,3.52,5.28,3.87,5.63,5.63,8.8,0.35,2.46,8.1,10.92,-2.82,19.01,5.99,6.15,0.49,0.028,0.185,-0.092,4.108,1.001,-2.752922292453355
P0A7R1,2.68,-6.04,149,16.11,0.0,3.36,9.4,4.03,7.38,1.34,4.7,7.38,8.05,0.67,5.37,2.01,2.68,4.7,4.03,4.7,13.42,0.0,0.67,12.08,12.75,-0.67,24.83,4.7,6.44,0.51,0.007,0.263,-0.124,3.801,1.02,0.07172118890852838
P0ABK5,3.1,-5.26,323,9.91,0.31,3.41,8.67,2.48,9.91,0.93,8.36,7.12,9.91,1.86,4.33,4.64,2.79,4.02,5.88,6.81,6.5,0.62,1.55,11.15,12.07,-0.93,23.22,4.64,5.95,0.491,0.009,0.208,-0.076,3.993,0.989,-0.06190279983803863
P0AB71,5.29,-0.28,359,8.64,1.11,5.85,6.13,3.62,8.64,3.62,5.85,6.96,7.52,2.23,5.01,4.18,4.18,1.67,6.96,4.74,8.36,1.11,3.62,8.64,11.98,-3.34,20.61,8.36,5.68,0.475,0.033,0.139,-0.063,4.145,1.0,0.35860052371945084
P0A7M2,-5.13,-2.56,78,6.41,1.28,2.56,5.13,3.85,6.41,3.85,2.56,8.97,7.69,2.56,5.13,2.56,1.28,14.1,6.41,6.41,10.26,1.28,1.28,23.08,7.69,15.38,30.77,6.41,11.8,0.428,0.154,-0.113,-0.091,4.014,1.02,0.19226101960126696
P69783,8.28,-2.37,169,4.14,0.0,7.69,10.06,4.73,9.47,1.18,11.24,10.06,7.1,1.78,2.37,4.14,0.59,1.78,5.92,6.51,11.24,0.0,0.0,11.83,17.75,-5.92,29.59,4.73,4.71,0.506,0.059,0.2,-0.079,3.794,1.051,-0.2969738812448701
P0AFG8,-0.11,-2.14,887,8.12,0.68,5.86,8.0,3.83,8.91,2.59,6.43,5.41,7.89,2.48,4.28,4.06,4.62,5.52,4.85,4.74,5.75,1.24,4.74,10.94,13.87,-2.93,24.8,9.81,5.54,0.451,0.029,0.077,-0.073,4.168,0.988,-1.0195552650831015
P0ABT2,2.4,4.79,167,10.78,0.0,9.58,4.79,2.99,3.59,2.99,7.19,7.19,11.38,2.4,5.39,1.2,3.59,4.79,5.39,7.19,6.59,1.2,1.8,11.98,14.37,-2.4,26.35,5.99,5.91,0.476,0.024,0.151,-0.109,4.013,1.004,0.1739862393542754
P0A7U7,8.05,-1.15,87,21.84,0.0,2.3,3.45,2.3,2.3,3.45,8.05,16.09,3.45,4.6,6.9,1.15,5.75,8.05,4.6,2.3,2.3,0.0,1.15,24.14,5.75,18.39,29.89,3.45,11.58,0.422,0.184,-0.16,-0.134,3.676,0.93,0.13773276498655895
P02358,-4.44,-7.41,135,10.37,0.0,7.41,14.81,2.96,3.7,4.44,5.19,4.44,3.7,5.19,2.96,3.7,2.96,8.89,2.96,5.19,7.41,0.74,2.96,13.33,22.22,-8.89,35.56,6.67,4.9,0.408,0.089,-0.103,-0.108,4.01,0.972,-0.6196877871165026
P0A7T7,-8.0,0.0,75,9.33,1.33,4.0,4.0,4.0,4.0,1.33,8.0,8.0,6.67,1.33,1.33,2.67,5.33,16.0,4.0,8.0,2.67,0.0,8.0,24.0,8.0,16.0,32.0,12.0,11.13,0.414,0.16,-0.158,-0.124,3.934,1.033,0.2998375908826658
P0A6M8,1.14,-2.84,704,9.52,0.43,5.97,8.81,3.41,8.38,2.13,7.1,6.25,6.11,3.27,3.84,4.69,3.41,5.11,4.12,5.4,8.52,0.85,2.7,11.36,14.77,-3.41,26.14,6.96,5.28,0.468,0.034,0.119,-0.08,4.112,0.999,-0.07591311228541467
P0C8J8,-2.62,-3.57,420,10.95,1.9,4.52,8.1,3.57,5.48,3.33,7.86,3.33,7.62,2.38,2.86,4.29,5.0,5.95,5.48,5.0,7.14,1.19,4.05,9.29,12.62,-3.33,21.9,8.81,5.62,0.487,0.033,0.171,-0.107,4.163,1.025,-1.9091436266969208
P08200,3.37,-2.4,416,9.13,1.44,6.01,8.41,2.4,9.62,1.2,8.89,7.45,7.45,3.12,3.61,4.81,2.64,4.09,3.12,4.33,7.21,1.44,3.61,11.54,14.42,-2.88,25.96,7.45,5.16,0.483,0.029,0.165,-0.08,4.101,1.004,0.020062380812215834
P0AG51,-1.69,-5.08,59,8.47,0.0,1.69,6.78,1.69,8.47,3.39,10.17,8.47,8.47,5.08,1.69,3.39,1.69,10.17,3.39,10.17,6.78,0.0,0.0,18.64,8.47,10.17,27.12,1.69,11.48,0.485,0.102,0.097,-0.11,3.853,1.033,0.41797527595277967
P0A7T3,-6.1,-1.22,82,13.41,0.0,4.88,6.1,4.88,7.32,2.44,7.32,6.1,4.88,1.22,4.88,2.44,2.44,12.2,3.66,3.66,9.76,1.22,1.22,18.29,10.98,7.32,29.27,7.32,11.05,0.463,0.073,0.066,-0.111,3.955,1.016,0.4392124220675984
P02413,-0.69,-4.86,144,10.42,0.0,1.39,6.25,2.78,18.06,0.69,6.94,9.03,8.33,1.39,2.08,2.78,2.08,9.72,4.86,6.25,6.25,0.0,0.69,18.75,7.64,11.11,26.39,3.47,11.45,0.472,0.111,0.053,-0.054,3.745,0.968,0.597094950304272
P06959,5.24,-3.97,630,15.24,0.16,5.24,9.21,3.02,8.1,0.79,7.14,8.41,5.24,2.7,2.7,5.87,2.38,3.17,4.6,4.29,10.79,0.48,0.48,11.59,14.44,-2.86,26.03,3.97,5.07,0.5,0.029,0.214,-0.089,3.892,0.987,-2.047614757914004
P0A7V3,0.86,-3.0,233,10.3,0.0,3.86,6.87,2.15,8.15,1.72,7.73,9.87,5.58,2.15,3.0,4.29,3.86,9.01,3.86,4.72,9.44,1.72,1.72,18.88,10.73,8.15,29.61,5.58,10.68,0.453,0.082,0.029,-0.099,4.019,1.009,0.5950693317908144
P0A7V0,2.49,0.41,241,10.37,0.41,7.05,6.64,4.98,7.05,2.49,5.81,7.88,8.71,3.32,4.98,2.9,2.9,5.39,4.56,5.39,7.05,1.24,0.83,13.28,13.69,-0.41,26.97,7.05,7.03,0.47,0.004,0.155,-0.087,4.093,0.985,0.1644223499930851
P0A7J3,0.0,-5.45,165,20.0,0.61,3.64,9.09,3.64,5.45,0.61,3.03,7.27,9.09,3.64,1.82,3.03,1.82,7.27,3.64,5.45,9.09,0.0,1.82,14.55,12.73,1.82,27.27,5.45,9.68,0.505,0.018,0.237,-0.135,3.821,0.984,0.23296057348018936
P0AA10,2.11,-0.7,142,9.86,0.0,4.93,5.63,2.11,8.45,4.93,5.63,9.86,6.34,2.82,2.82,4.23,2.82,7.75,0.0,8.45,8.45,0.7,4.23,17.61,10.56,7.04,28.17,7.04,10.29,0.44,0.07,0.004,-0.087,3.985,1.013,0.3133264760916532
P05055,-1.41,-2.53,711,10.27,0.14,5.91,8.44,2.67,8.86,1.55,7.31,4.78,7.17,2.95,2.81,4.36,4.5,6.19,4.36,5.77,9.85,0.28,1.83,10.97,14.35,-3.38,25.32,4.78,5.1,0.484,0.034,0.163,-0.09,4.028,1.005,-2.1924022435010677
P0AG86,-0.65,-3.23,155,9.03,2.58,5.16,8.39,5.81,5.81,1.94,5.16,1.94,7.74,3.23,4.52,4.52,9.03,2.58,5.16,7.1,6.45,0.65,3.23,4.52,13.55,-9.03,18.06,9.68,4.2,0.479,0.09,0.093,-0.086,4.14,1.0,-2.2779134659897236
P0A7A9,6.82,-0.57,176,9.09,1.14,7.95,8.52,3.41,5.11,2.84,5.68,9.09,8.52,2.27,3.98,7.39,1.14,2.27,4.55,2.27,9.09,1.14,4.55,11.36,16.48,-5.11,27.84,9.09,5.01,0.47,0.051,0.106,-0.073,4.067,0.992,-0.3688041447631363
P69441,2.34,-0.47,214,8.88,0.47,7.94,8.41,2.34,9.35,1.4,6.54,8.41,7.48,2.8,1.87,4.67,3.74,6.07,2.34,5.14,8.88,0.0,3.27,14.49,16.36,-1.87,30.84,5.61,5.62,0.457,0.019,0.104,-0.08,4.007,0.99,0.11888440670234564
P0A6B7,-2.23,-2.72,404,8.17,0.74,5.45,8.17,2.48,8.42,3.22,7.67,4.7,8.91,3.96,3.71,3.22,2.97,6.93,6.44,4.46,6.19,0.99,3.22,11.63,13.61,-1.98,25.25,6.68,6.19,0.47,0.02,0.137,-0.086,4.133,0.998,-0.9538584361996306
P0A9P0,5.06,-2.95,474,10.55,1.05,5.27,8.23,2.95,10.76,2.74,8.23,8.23,7.17,2.11,2.95,4.43,1.69,3.16,2.95,5.49,9.49,0.84,1.69,11.39,13.5,-2.11,24.89,5.49,5.99,0.499,0.021,0.217,-0.08,4.02,1.014,0.22304028038195062
P0ABB0,-0.97,-0.58,513,11.31,0.78,5.46,6.04,2.73,9.36,1.36,7.8,4.68,8.97,1.95,3.12,3.51,5.46,5.65,6.24,4.48,7.8,0.19,3.12,10.33,11.5,-1.17,21.83,6.04,5.96,0.495,0.012,0.216,-0.089,4.046,1.002,-1.8904766540884768
P0A763,-2.8,-4.2,143,12.59,0.7,4.2,8.39,6.99,9.79,2.8,5.59,3.5,6.29,2.1,4.9,3.5,1.4,6.29,4.9,6.29,7.69,0.0,2.1,9.79,12.59,-2.8,22.38,9.09,5.67,0.491,0.028,0.188,-0.077,4.015,1.0,-2.2328088937217614
P69908,-0.43,1.72,466,8.8,2.15,7.73,6.01,5.15,7.73,1.93,5.79,5.15,8.8,3.22,3.43,5.36,4.29,5.58,3.86,4.08,5.15,2.36,3.43,10.73,13.73,-3.0,24.46,10.94,5.27,0.469,0.03,0.125,-0.07,4.204,0.983,0.051751089633314575
P0AG67,2.33,-3.23,557,8.62,0.36,7.54,10.77,3.05,8.62,1.44,5.39,7.72,8.08,1.08,4.31,1.8,2.51,5.39,4.49,4.49,12.03,1.26,1.08,13.11,18.31,-5.21,31.42,5.39,4.87,0.467,0.052,0.096,-0.097,3.963,1.01,-0.23696462509898028
P36683,1.16,-0.23,865,11.21,1.16,6.36,6.59,3.35,8.79,1.73,5.43,5.66,10.17,2.66,3.58,6.24,2.89,4.51,4.16,5.43,6.71,0.92,2.43,10.17,12.95,-2.77,23.12,6.71,5.28,0.487,0.028,0.177,-0.064,4.096,0.97,-2.182416336545094
P0A7L3,-1.69,1.69,118,18.64,0.0,3.39,1.69,4.24,5.08,0.85,8.47,11.86,5.08,0.85,2.54,0.0,5.93,13.56,3.39,0.85,7.63,0.85,5.08,25.42,5.08,20.34,30.51,10.17,11.64,0.463,0.203,-0.066,-0.165,3.682,1.033,0.88844827749657
P0AG59,-2.97,0.0,101,11.88,0.99,4.95,4.95,2.97,4.95,0.99,3.96,10.89,7.92,2.97,2.97,3.96,3.96,13.86,7.92,1.98,4.95,1.98,0.99,24.75,9.9,14.85,34.65,5.94,11.56,0.412,0.149,-0.153,-0.094,3.974,0.94,-0.15593162293206173
P0AD49,3.54,-7.08,113,9.73,0.0,3.54,10.62,1.77,3.54,4.42,7.96,7.96,7.96,3.54,7.08,3.54,5.31,4.42,3.54,7.08,6.19,0.88,0.88,12.39,14.16,-1.77,26.55,3.54,6.52,0.441,0.018,0.058,-0.109,4.032,0.983,0.05708699578974031
P0A7K6,-1.74,-5.22,115,6.09,0.0,2.61,7.83,3.48,6.96,1.74,6.09,9.57,5.22,1.74,3.48,2.61,5.22,11.3,6.96,3.48,13.04,0.87,1.74,20.87,10.43,10.43,31.3,6.09,11.04,0.441,0.104,-0.026,-0.114,3.966,1.044,0.004271460310461165
P0A870,1.89,-1.26,317,12.3,0.95,6.62,7.89,2.21,5.36,0.63,8.2,6.94,10.41,1.58,3.47,3.15,4.73,5.05,5.05,5.36,5.05,1.26,3.79,11.99,14.51,-2.52,26.5,7.26,5.09,0.477,0.025,0.151,-0.111,4.046,0.992,0.21513910826476113
P60422,-1.47,-0.37,273,7.69,0.73,3.66,4.03,1.47,12.45,3.3,4.03,9.16,5.49,2.2,5.49,6.23,2.2,10.62,3.66,5.13,9.52,0.73,2.2,19.78,7.69,12.09,27.47,4.4,11.32,0.422,0.121,-0.096,-0.033,4.012,0.967,0.4193034497202589
P0AG44,-7.87,-3.94,127,13.39,0.79,3.15,7.09,3.94,5.51,2.36,4.72,6.3,8.66,3.15,5.51,3.15,1.57,14.17,5.51,4.72,4.72,0.0,1.57,20.47,10.24,10.24,30.71,5.51,11.41,0.437,0.102,-0.036,-0.101,3.957,0.96,1.3711917788324863
P0A7D4,-1.39,0.46,432,7.41,0.93,7.18,6.71,2.78,10.65,1.39,4.63,5.09,10.19,2.31,3.01,3.94,2.31,6.48,3.7,7.64,9.03,0.93,3.7,11.57,13.89,-2.31,25.46,7.41,5.36,0.478,0.023,0.157,-0.067,4.063,1.008,-0.18925130009844415
P0A6Q3,1.16,1.74,172,5.81,1.16,6.98,5.23,5.81,13.95,1.16,3.49,6.4,11.63,4.65,2.33,4.07,2.33,5.23,2.33,4.65,8.14,1.74,2.91,11.63,12.21,-0.58,23.84,10.47,6.42,0.499,0.006,0.232,-0.058,4.043,0.999,0.0481216388514082
P0A7W7,3.08,-2.31,130,10.77,0.77,4.62,6.92,2.31,8.46,0.0,6.92,9.23,7.69,4.62,2.31,3.85,3.85,6.15,5.38,4.62,9.23,0.0,2.31,15.38,11.54,3.85,26.92,4.62,10.02,0.489,0.038,0.172,-0.099,3.981,1.005,-0.12720182779378764
P0AGE9,5.88,-2.42,289,10.03,1.73,3.81,6.23,2.77,14.19,2.08,10.38,7.61,4.84,2.42,1.38,5.19,2.42,1.73,3.81,9.0,8.3,0.0,2.08,9.34,10.03,-0.69,19.38,4.84,6.67,0.518,0.007,0.285,-0.055,3.93,1.028,0.0810948084828695
P0AEK4,0.0,-0.38,262,13.74,1.53,5.34,5.73,4.58,9.54,1.91,6.11,4.58,8.4,3.82,3.82,2.67,1.91,4.58,7.63,3.44,7.63,0.38,2.67,9.16,11.07,-1.91,20.23,7.63,5.71,0.518,0.019,0.273,-0.085,4.05,0.998,0.0223567920502495
P0AA25,8.26,5.5,109,11.01,1.83,10.09,4.59,3.67,8.26,0.92,8.26,9.17,11.93,1.83,3.67,4.59,2.75,0.92,2.75,5.5,4.59,1.83,1.83,10.09,14.68,-4.59,24.77,7.34,4.65,0.503,0.046,0.203,-0.071,3.986,0.977,-0.34312901428406145
P0A8M3,-0.47,-2.18,642,6.39,2.02,6.7,8.88,3.89,6.7,3.58,5.76,6.23,8.26,3.58,3.89,3.58,3.58,6.7,4.67,3.74,6.39,1.71,3.74,12.93,15.58,-2.65,28.5,9.35,6.01,0.445,0.026,0.062,-0.086,4.213,0.997,-2.4555287648818838
P0A8G6,0.0,-2.53,198,11.11,0.0,3.03,5.56,3.03,13.64,1.52,4.04,3.54,6.57,3.54,1.01,4.55,6.06,3.54,6.06,9.6,8.08,1.01,4.55,7.07,8.59,-1.52,15.66,8.59,5.73,0.491,0.015,0.201,-0.056,3.977,0.998,-2.1478103822003325
P0A7J7,7.75,0.0,142,14.08,0.7,4.23,4.23,2.82,8.45,0.0,6.34,10.56,4.93,4.23,2.82,6.34,4.93,2.82,5.63,6.34,9.15,0.0,1.41,13.38,8.45,4.93,21.83,4.23,10.19,0.493,0.049,0.173,-0.072,3.927,0.982,-0.26010909307912244
P0ACD4,7.03,-1.56,128,11.72,2.34,7.81,9.38,1.56,7.03,1.56,8.59,9.38,4.69,2.34,5.47,3.12,1.56,2.34,7.81,2.34,7.03,0.78,3.12,11.72,17.19,-5.47,28.91,5.47,4.8,0.461,0.055,0.077,-0.074,4.013,0.976,-0.8284025085932877
P0A853,1.06,-1.91,471,9.34,1.49,5.31,7.22,4.88,7.86,1.7,6.16,6.16,7.64,3.4,3.18,4.25,4.25,5.1,4.03,5.73,6.58,0.42,5.31,11.25,12.53,-1.27,23.78,10.62,6.07,0.476,0.013,0.162,-0.087,4.158,1.012,-1.5303484112252252
P0A836,1.8,-1.8,388,12.11,1.29,5.41,7.22,2.84,11.08,1.29,5.93,6.19,9.79,2.06,4.12,3.61,4.38,4.38,2.06,3.87,9.79,0.77,1.8,10.57,12.63,-2.06,23.2,5.41,5.41,0.503,0.021,0.228,-0.088,4.005,0.995,0.1783843720775325
P0A7X3,-6.92,-3.85,130,7.69,0.0,3.08,6.92,3.08,10.0,0.77,5.38,7.69,6.92,3.08,2.31,2.31,5.38,14.62,5.38,3.85,7.69,0.0,3.85,22.31,10.0,12.31,32.31,6.92,11.21,0.424,0.123,-0.094,-0.099,3.936,0.996,0.6446586307753214
P0A7L8,3.53,-2.35,85,10.59,1.18,3.53,5.88,5.88,15.29,3.53,4.71,12.94,3.53,1.18,3.53,1.18,1.18,9.41,5.88,3.53,7.06,0.0,0.0,22.35,9.41,12.94,31.76,5.88,11.29,0.429,0.129,-0.085,-0.049,3.812,0.96,0.7634938523123089
P0ADZ4,-5.62,0.0,89,7.87,0.0,5.62,5.62,2.25,5.62,5.62,3.37,6.74,13.48,2.25,2.25,0.0,5.62,12.36,6.74,6.74,5.62,0.0,2.25,19.1,11.24,7.87,30.34,4.49,10.88,0.425,0.079,-0.045,-0.115,3.895,0.986,-0.570658425300697
P0A9Q7,3.7,-0.45,891,13.58,1.01,5.61,6.06,3.48,6.96,2.24,6.73,7.3,8.08,2.36,3.82,4.6,2.69,3.59,5.61,5.5,7.07,0.56,3.14,10.89,11.67,-0.79,22.56,7.18,6.63,0.493,0.008,0.213,-0.085,4.083,0.993,-2.422613592819175
P23869,3.66,0.61,164,6.1,1.22,6.71,6.1,7.32,9.76,3.05,6.1,6.71,3.05,3.66,7.32,3.05,3.66,3.05,3.66,7.32,9.76,0.61,1.83,9.76,12.8,-3.05,22.56,9.76,5.61,0.465,0.03,0.115,-0.054,4.11,1.023,0.25294680522840735
P0C0L2,6.99,-0.7,143,11.19,1.4,5.59,6.29,4.2,10.49,2.1,6.99,8.39,6.99,2.1,2.1,3.5,4.2,1.4,6.99,8.39,5.59,0.7,1.4,9.79,11.89,-2.1,21.68,6.29,5.71,0.486,0.021,0.183,-0.062,4.029,0.984,0.6779505794100572
P0AC69,2.61,-5.22,115,10.43,2.61,4.35,9.57,2.61,6.09,0.0,7.83,6.09,8.7,2.61,2.61,6.96,7.83,3.48,4.35,3.48,4.35,1.74,4.35,9.57,13.91,-4.35,23.48,8.7,4.66,0.47,0.043,0.114,-0.091,4.079,0.974,-1.6026000986583864
P0AFF6,-1.62,-2.83,495,11.72,0.61,8.48,11.31,2.83,5.66,0.81,6.67,5.05,8.69,2.02,3.84,2.83,3.84,6.67,3.03,4.85,9.09,0.81,1.21,11.72,19.8,-8.08,31.52,4.85,4.48,0.469,0.081,0.075,-0.113,3.978,0.99,-2.5335297187186194
P69797,3.41,-0.93,323,11.46,0.0,6.19,7.12,2.17,6.81,1.24,5.88,7.74,7.74,3.41,4.33,5.26,2.17,4.33,2.79,6.81,11.76,1.24,1.55,12.07,13.31,-1.24,25.39,4.95,5.88,0.494,0.012,0.211,-0.092,3.997,1.014,-1.2227018089612347
P0A817,0.52,0.26,384,9.9,1.04,7.03,6.77,3.39,8.85,2.34,6.77,5.21,7.29,2.6,1.82,4.69,4.43,4.69,5.21,6.25,7.55,1.04,3.12,9.9,13.8,-3.91,23.7,7.55,5.11,0.479,0.039,0.144,-0.074,4.127,1.0,-2.743460521431593
P0ABP8,0.84,2.09,239,10.88,1.67,7.95,5.86,5.02,9.62,2.51,7.53,5.86,6.28,5.02,2.93,2.51,0.84,5.02,3.77,5.86,8.37,0.0,2.51,10.88,13.81,-2.93,24.69,7.53,5.47,0.508,0.029,0.234,-0.084,4.048,1.023,0.10718854189927807
P0A953,-0.25,-1.23,406,11.82,1.48,4.93,6.16,3.2,12.07,2.46,5.91,3.94,6.65,4.19,3.2,2.96,2.71,4.19,7.88,5.67,7.64,0.49,2.46,8.13,11.08,-2.96,19.21,6.16,5.41,0.501,0.03,0.214,-0.061,4.069,0.99,0.10241186034347778
P0AA04,7.06,-9.41,85,10.59,0.0,1.18,10.59,4.71,7.06,2.35,3.53,8.24,9.41,2.35,2.35,2.35,7.06,1.18,7.06,11.76,8.24,0.0,0.0,9.41,11.76,-2.35,21.18,4.71,5.74,0.482,0.024,0.167,-0.105,3.811,1.001,0.2288457508292088
P0AD61,2.77,-1.7,470,8.72,1.28,5.74,7.45,2.55,8.51,1.7,7.02,7.23,8.51,3.83,5.11,2.55,2.55,4.47,5.11,7.23,9.36,0.0,1.06,11.7,13.19,-1.49,24.89,3.62,5.93,0.491,0.015,0.201,-0.086,4.039,1.013,0.27195190427060567
P12758,-1.19,-2.37,253,11.07,1.19,4.35,6.72,3.16,8.3,2.77,5.14,3.95,7.91,3.56,1.98,3.95,3.56,5.14,6.32,9.09,9.49,0.79,1.58,9.09,11.07,-1.98,20.16,5.53,6.04,0.502,0.02,0.228,-0.086,4.075,1.02,-0.19860581900985355
P0A8P3,5.49,-12.09,91,4.4,1.1,2.2,14.29,5.49,5.49,3.3,5.49,9.89,8.79,5.49,5.49,2.2,7.69,4.4,2.2,4.4,2.2,2.2,3.3,14.29,16.48,-2.2,30.77,10.99,6.16,0.405,0.022,-0.046,-0.114,4.07,0.97,0.3842622783859394
P0ADY7,1.47,-2.94,136,10.29,0.0,2.21,5.15,4.41,9.56,0.74,4.41,11.76,7.35,4.41,1.47,5.15,3.68,10.29,1.47,6.62,8.09,1.47,1.47,22.06,7.35,14.71,29.41,7.35,11.49,0.457,0.147,-0.024,-0.095,3.935,0.995,0.6694045651543198
P23721,1.1,1.66,362,11.33,1.1,6.91,5.25,4.97,8.01,1.66,5.25,5.52,8.29,3.04,5.52,4.14,3.04,4.42,5.52,3.31,7.73,1.38,3.59,9.94,12.15,-2.21,22.1,9.94,5.43,0.487,0.022,0.184,-0.074,4.137,0.991,0.40789224489385517
P0AG48,1.94,-5.83,103,6.8,0.0,2.91,8.74,4.85,11.65,3.88,6.8,9.71,2.91,1.94,0.97,0.97,5.83,7.77,2.91,4.85,13.59,0.97,1.94,17.48,11.65,5.83,29.13,7.77,10.32,0.459,0.058,0.069,-0.114,3.906,1.066,-0.15492056094301893
P0A867,1.27,-2.85,316,9.81,1.27,5.7,8.54,3.48,5.06,2.22,6.33,6.96,9.81,1.58,2.85,4.43,5.38,5.7,5.38,4.11,6.96,1.27,3.16,12.66,14.24,-1.58,26.9,7.91,6.1,0.465,0.016,0.128,-0.104,4.127,0.997,0.2539432757204503
P0A6F1,1.05,1.31,382,10.21,1.05,6.54,5.24,4.19,8.64,3.93,6.02,5.24,9.42,1.83,4.19,5.24,3.66,4.19,4.71,7.07,6.02,0.52,2.09,9.42,11.78,-2.36,21.2,6.81,6.18,0.478,0.024,0.156,-0.059,4.119,0.979,-0.9953570590706143
P0A805,-0.54,2.7,185,10.27,0.54,10.27,7.57,1.62,3.24,0.0,6.49,8.65,8.11,2.7,2.7,4.32,3.24,9.19,7.03,4.86,8.11,0.0,1.08,17.84,17.84,0.0,35.68,2.7,7.42,0.441,0.0,0.076,-0.094,3.909,0.969,0.157124994450568
P0A717,-5.4,3.81,315,10.48,1.27,8.25,4.44,3.49,6.35,1.27,7.94,2.54,8.25,3.17,5.4,4.13,2.54,7.94,6.03,4.44,10.79,0.0,1.27,10.48,12.7,-2.22,23.17,4.76,5.27,0.511,0.022,0.249,-0.088,4.011,1.024,-1.1443202281261355
P0A8F0,4.33,-3.37,208,7.69,0.48,5.29,8.65,1.44,9.13,1.92,8.65,7.69,10.58,3.37,2.4,4.81,1.92,3.37,4.81,5.29,9.62,0.48,2.4,11.06,13.94,-2.88,25.0,4.33,5.37,0.508,0.029,0.235,-0.091,4.002,1.024,-0.133103774351964
P0A8E7,3.07,1.23,163,6.75,0.0,8.59,7.36,5.52,5.52,0.61,6.13,9.2,7.98,2.45,4.29,1.84,6.75,6.13,8.59,2.45,9.2,0.61,0.0,15.34,15.95,-0.61,31.29,6.13,6.09,0.45,0.006,0.095,-0.097,3.944,0.989,0.5211159558220995
P0AEK2,-2.05,-2.05,244,14.34,0.0,4.1,6.15,2.46,11.89,0.82,8.2,4.1,7.38,4.51,5.74,1.23,2.05,6.15,5.74,5.74,7.38,0.41,1.64,10.25,10.25,0.0,20.49,4.51,7.9,0.511,0.0,0.272,-0.088,3.913,0.994,0.8283156992994111
P22259,2.04,1.48,540,8.33,0.93,7.04,5.56,5.19,8.7,1.67,5.0,6.3,8.52,2.04,5.0,5.0,2.78,4.26,4.63,8.33,5.93,1.67,3.15,10.56,12.59,-2.04,23.15,10.0,5.52,0.465,0.02,0.124,-0.052,4.144,0.986,0.49469375097934637
P0A715,4.23,1.41,284,9.15,1.41,6.69,5.28,5.63,8.8,2.11,5.63,7.75,8.1,3.52,3.52,5.28,4.58,3.52,4.93,2.82,9.86,0.0,1.41,11.27,11.97,-0.7,23.24,7.04,6.67,0.497,0.007,0.226,-0.072,4.074,0.998,-0.5132213863146398
P0A7S3,-1.61,-0.81,124,7.26,3.23,2.42,3.23,0.81,8.87,2.42,2.42,10.48,6.45,0.81,4.03,5.65,3.23,12.1,4.84,6.45,12.1,0.0,3.23,22.58,5.65,16.94,28.23,4.03,11.66,0.431,0.169,-0.121,-0.061,3.947,1.012,-0.021970393243903857
P0ACA3,-3.77,-4.25,212,7.08,0.47,5.19,9.43,4.25,4.72,1.89,5.19,3.77,11.79,3.77,2.83,7.08,2.83,7.55,7.08,3.77,6.13,1.42,3.77,11.32,14.62,-3.3,25.94,9.43,5.26,0.471,0.033,0.126,-0.087,4.105,0.987,-0.5503318280679922
P0ACJ0,-3.66,-0.61,164,3.05,1.22,6.71,7.32,3.05,5.49,1.22,4.27,6.1,14.02,1.83,4.88,4.27,4.27,9.76,4.88,5.49,9.15,0.0,3.05,15.85,14.02,1.83,29.88,6.1,9.64,0.453,0.018,0.093,-0.091,4.013,1.011,0.28799324303319346
P13029,-0.83,1.52,726,10.61,0.14,7.58,6.06,4.96,8.95,1.79,3.86,4.82,8.68,1.79,3.86,5.51,3.31,5.65,6.06,5.37,5.92,3.03,2.07,10.47,13.64,-3.17,24.1,10.06,5.16,0.459,0.032,0.095,-0.052,4.106,0.955,-2.2536332466577846
P0ABA6,3.48,0.7,287,9.41,0.7,5.92,5.23,1.39,6.97,1.39,4.53,8.01,10.1,4.53,4.18,3.14,4.88,4.53,7.32,4.53,8.71,0.7,3.83,12.54,11.15,1.39,23.69,5.92,9.37,0.475,0.014,0.157,-0.089,4.083,0.993,-1.6706785229951526
P0A6T1,3.28,0.0,549,8.74,0.36,6.01,6.01,6.01,7.1,3.28,6.01,6.56,8.38,2.55,6.01,3.46,3.64,3.28,5.28,6.56,6.01,1.82,2.91,9.84,12.02,-2.19,21.86,10.75,6.1,0.47,0.022,0.137,-0.076,4.164,1.001,-0.011479355405648274
P27302,1.06,-1.96,663,13.42,0.75,5.28,7.24,3.92,8.75,2.71,4.83,5.28,7.54,3.32,3.32,4.52,3.47,4.22,5.58,4.98,5.73,1.66,3.47,9.5,12.52,-3.02,22.02,9.05,5.51,0.475,0.03,0.141,-0.074,4.128,0.968,-0.18622989882229746
P08839,0.7,-3.65,575,10.96,0.7,6.78,10.43,3.13,6.26,1.39,8.87,6.09,10.09,3.13,2.96,2.61,3.65,5.39,4.52,5.04,6.09,0.35,1.57,11.48,17.22,-5.74,28.7,5.04,4.76,0.487,0.057,0.147,-0.115,4.018,0.995,-1.2063444544661341
P0A7R9,-3.88,0.0,129,13.18,1.55,3.1,3.1,3.1,10.08,2.33,6.98,6.98,2.33,1.55,5.43,6.2,2.33,10.85,4.65,6.98,7.75,0.78,0.78,17.83,6.2,11.63,24.03,4.65,11.78,0.45,0.116,-0.013,-0.048,3.979,0.978,0.7909267407515058
P0A9T0,1.95,-1.95,410,10.98,0.98,4.63,6.59,3.17,8.29,3.17,6.83,5.61,11.95,2.2,5.12,4.15,3.17,3.66,5.85,4.39,6.83,0.24,2.2,9.27,11.22,-1.95,20.49,5.61,6.18,0.503,0.02,0.23,-0.083,4.064,0.989,-0.28675889870782106
P0ABH7,-0.23,0.23,427,8.67,1.64,6.32,6.09,5.15,6.56,3.51,6.56,5.39,8.2,4.45,3.98,4.45,1.87,5.62,5.85,6.56,4.68,0.7,3.75,11.01,12.41,-1.41,23.42,9.6,6.51,0.474,0.014,0.156,-0.073,4.187,1.0,0.05104384937873095
P0A9Q9,-2.18,1.36,367,8.17,1.09,6.27,4.9,3.27,9.54,1.36,5.45,3.54,11.17,3.27,3.81,4.36,4.09,5.72,5.72,7.08,7.63,2.18,1.36,9.26,11.17,-1.91,20.44,6.81,5.42,0.497,0.019,0.213,-0.069,4.11,0.998,-1.079408243427605
P0AFG0,-2.21,-3.87,181,4.97,0.0,5.52,9.39,6.08,7.73,1.66,3.31,6.08,4.97,4.42,2.76,6.08,3.31,8.29,6.63,2.76,13.26,1.1,1.66,14.36,14.92,-0.55,29.28,8.84,6.71,0.457,0.006,0.115,-0.075,4.027,1.015,-0.8778945075568628
P0A6Q6,-1.99,-5.96,151,7.28,1.32,3.31,9.27,8.61,7.95,1.99,4.64,5.3,9.93,3.97,1.99,5.96,2.65,7.28,1.99,5.96,9.27,0.0,1.32,12.58,12.58,0.0,25.17,9.93,8.05,0.506,0.0,0.258,-0.099,4.016,1.031,-0.020754156276326995
P0A9X4,-4.03,-4.03,347,9.51,0.86,4.32,8.36,2.88,11.24,1.44,7.2,2.88,8.07,3.75,3.46,4.61,2.59,6.92,6.34,4.03,10.09,0.0,1.44,9.8,12.68,-2.88,22.48,4.32,5.19,0.506,0.029,0.23,-0.075,3.995,1.005,-2.2450488871931342
P0A9D8,-1.09,-1.82,274,8.76,1.09,5.11,6.93,2.92,9.49,1.09,8.03,4.74,5.47,1.82,4.38,3.28,4.38,5.84,5.11,5.11,12.04,1.09,3.28,10.58,12.04,-1.46,22.63,7.3,5.61,0.494,0.015,0.21,-0.091,4.079,1.049,0.19439137262440004
P0A6A3,2.0,-2.5,400,10.5,1.5,4.75,7.25,3.25,9.0,3.75,6.25,5.75,10.5,2.5,4.5,3.0,2.0,3.75,6.25,5.25,6.75,0.25,3.25,9.5,12.0,-2.5,21.5,6.75,6.09,0.495,0.025,0.202,-0.081,4.089,0.999,-0.7869956723508752
P15288,2.89,-1.44,485,8.66,0.82,5.98,7.42,2.68,8.66,3.3,6.39,5.98,11.13,2.47,5.36,4.74,2.89,3.09,4.54,5.36,7.22,1.24,2.06,9.07,13.4,-4.33,22.47,5.98,5.26,0.484,0.043,0.153,-0.07,4.107,0.985,0.29786299825054424
P67910,2.26,-0.65,310,8.06,0.65,6.77,7.42,6.77,9.03,1.61,5.48,5.81,7.74,2.26,6.13,2.58,2.9,3.55,5.16,4.52,6.45,0.97,6.13,9.35,14.19,-4.84,23.55,13.87,4.79,0.468,0.048,0.105,-0.073,4.123,1.008,-2.3105354636016266
P0A7D7,2.53,-1.27,237,6.33,1.27,8.02,9.28,5.06,7.17,0.42,2.95,8.44,12.66,3.8,4.64,2.95,2.53,5.91,4.22,3.38,7.17,0.84,2.95,14.35,17.3,-2.95,31.65,8.86,5.01,0.459,0.03,0.098,-0.088,4.043,0.976,-1.5578828075719033
P0A9Q1,-3.78,-3.78,238,4.62,0.84,6.72,10.5,3.78,6.72,2.52,7.98,4.62,10.92,2.94,5.04,4.2,2.1,8.4,4.62,6.3,4.2,0.42,2.52,13.03,17.23,-4.2,30.25,6.72,5.23,0.446,0.042,0.049,-0.079,4.078,0.986,-0.34482212410737434
P63284,-2.57,-3.62,857,9.22,0.35,6.07,9.68,2.22,7.35,1.98,6.42,5.13,11.9,2.45,3.5,3.27,5.72,7.7,4.55,3.73,6.53,0.23,1.98,12.84,15.75,-2.92,28.59,4.43,5.41,0.46,0.029,0.102,-0.103,4.02,0.972,-2.3806150043684937
P0A707,3.33,-7.78,180,5.56,0.56,3.89,11.67,2.78,7.78,0.56,6.67,11.67,8.33,3.33,2.22,3.89,6.67,8.33,3.89,2.78,7.78,0.0,1.67,20.0,15.56,4.44,35.56,4.44,10.04,0.425,0.044,-0.01,-0.106,3.947,0.98,0.05894666707272708
P0A9A6,-0.26,0.52,383,12.27,0.0,7.31,6.79,3.39,10.97,0.78,5.74,4.44,7.57,4.18,4.18,3.92,3.66,4.7,3.13,6.27,9.92,0.0,0.78,9.14,14.1,-4.96,23.24,4.18,4.6,0.499,0.05,0.19,-0.072,3.939,0.982,-3.742168971207849
P0A6K6,1.23,0.49,407,9.09,1.47,7.62,7.13,4.91,11.3,3.69,5.41,5.41,8.6,2.21,3.44,4.18,1.72,4.18,4.18,6.14,5.41,1.23,2.7,9.58,14.74,-5.16,24.32,8.85,5.14,0.47,0.052,0.106,-0.048,4.12,0.974,-0.12278573456354525
P0ADG7,-1.84,-3.48,488,10.45,1.02,4.71,8.2,1.84,10.66,2.05,6.56,4.92,7.58,2.66,2.25,3.28,3.07,6.76,5.53,6.76,9.84,0.0,1.84,11.68,12.91,-1.23,24.59,3.69,6.26,0.489,0.012,0.199,-0.084,4.002,1.01,-2.1171883859916063
P0AAI9,1.94,-3.24,309,17.48,1.62,3.56,6.8,2.59,7.77,1.29,2.91,4.53,8.41,3.56,2.91,5.5,5.18,2.59,4.53,5.18,10.03,1.29,2.27,7.12,10.36,-3.24,17.48,6.15,4.93,0.517,0.032,0.257,-0.094,3.995,0.981,0.5430394100666347
P0A955,2.82,-4.69,213,14.08,1.41,2.82,7.51,2.82,9.39,0.47,6.1,6.1,10.33,1.88,1.88,6.57,2.35,3.29,4.23,6.1,9.86,0.94,1.88,9.39,10.33,-0.94,19.72,5.63,5.6,0.536,0.009,0.332,-0.09,3.945,1.01,0.14309609442939586
P0A8L1,-2.79,-2.33,430,8.14,1.16,6.74,9.07,2.79,6.98,2.33,4.19,4.88,10.7,3.26,3.95,4.42,3.95,7.67,4.19,5.12,6.98,0.7,2.79,12.56,15.81,-3.26,28.37,6.28,5.39,0.45,0.033,0.07,-0.082,4.119,0.972,-0.5782094297791218
P63224,0.52,-0.52,192,11.46,1.56,6.25,6.77,3.65,9.9,3.65,10.42,5.73,6.77,2.6,5.21,1.56,2.08,5.21,5.21,3.12,6.25,0.0,2.6,10.94,13.02,-2.08,23.96,6.25,6.24,0.493,0.021,0.201,-0.088,4.039,1.008,0.47324427330708585
P0AGD3,3.63,-2.59,193,13.99,0.52,3.63,6.22,5.7,7.25,3.63,4.66,5.18,7.77,0.52,7.25,4.15,1.55,1.55,5.7,7.25,5.18,3.63,4.66,6.74,9.84,-3.11,16.58,13.99,5.77,0.481,0.031,0.158,-0.071,4.059,0.995,0.23098884595424446
P0A9A9,0.68,-1.35,148,6.76,2.7,8.11,9.46,2.7,7.43,8.11,6.08,6.08,10.81,1.35,4.05,1.35,3.38,5.41,3.38,4.73,5.41,0.0,2.7,11.49,17.57,-6.08,29.05,5.41,5.92,0.438,0.061,0.008,-0.085,4.06,0.987,0.41888220166718626
P09832,-1.27,-2.75,472,8.05,2.33,5.72,8.47,4.45,10.38,1.48,5.51,5.51,6.14,3.18,4.66,4.66,3.18,6.78,3.81,4.03,8.69,1.06,1.91,12.29,14.19,-1.91,26.48,7.42,5.6,0.465,0.019,0.125,-0.063,4.137,0.989,-2.939261358209206
P0AG63,3.57,-3.57,84,2.38,2.38,4.76,8.33,2.38,4.76,3.57,8.33,11.9,5.95,2.38,2.38,2.38,1.19,8.33,4.76,7.14,14.29,1.19,1.19,20.24,13.1,7.14,33.33,4.76,10.42,0.467,0.071,0.079,-0.122,3.975,1.103,-0.553919420834937
P0A991,-0.86,2.29,350,11.71,1.14,6.29,4.0,2.29,8.57,2.29,5.71,4.29,9.14,2.86,6.29,2.86,3.43,5.14,5.71,5.14,7.14,0.29,5.71,9.43,10.29,-0.86,19.71,8.29,6.57,0.484,0.009,0.187,-0.075,4.091,0.998,0.4598357984849273
P0AFG6,-0.25,-1.23,405,10.86,0.0,6.67,7.9,1.98,6.67,1.73,4.69,6.17,10.12,3.21,3.21,5.19,2.22,6.42,5.93,5.93,9.14,0.25,1.73,12.59,14.57,-1.98,27.16,3.95,5.67,0.476,0.02,0.155,-0.082,3.998,0.979,-2.1796313153617555
P0AFG3,-1.29,-1.5,933,8.25,1.07,5.57,7.07,4.18,7.18,3.64,3.54,4.72,8.9,2.68,3.86,4.72,5.79,6.0,6.11,4.5,7.4,1.5,3.32,10.72,12.65,-1.93,23.37,9.0,6.31,0.451,0.019,0.086,-0.074,4.187,0.982,-2.443608112192435
P21599,-0.83,1.88,480,11.46,0.83,7.29,5.42,1.88,8.54,1.46,5.83,5.62,9.17,4.17,4.17,2.92,2.08,6.46,5.21,6.25,9.79,0.0,1.46,12.08,12.71,-0.62,24.79,3.33,6.51,0.497,0.006,0.228,-0.085,3.999,1.0,-1.9082625870788028
P0AEZ9,-3.53,-2.35,170,10.59,1.18,5.29,7.65,4.12,7.06,2.94,6.47,3.53,7.06,1.76,2.94,4.12,4.12,7.06,6.47,7.65,7.65,1.18,1.18,10.59,12.94,-2.35,23.53,6.47,5.93,0.475,0.024,0.148,-0.085,4.106,1.004,0.6147939413055903
P0A796,-2.5,0.62,320,8.44,1.88,7.19,6.56,3.12,11.88,2.19,8.75,4.38,7.81,3.75,2.5,2.5,1.56,6.88,4.38,4.69,7.81,0.31,3.44,11.25,13.75,-2.5,25.0,6.88,5.55,0.5,0.025,0.216,-0.078,4.062,1.024,-2.2392186897683652
P21889,-1.69,1.02,590,9.66,0.85,7.8,6.78,4.92,7.29,1.53,4.92,5.42,9.83,3.56,3.9,4.58,3.22,7.12,3.39,5.42,6.78,0.68,2.37,12.54,14.58,-2.03,27.12,7.97,5.51,0.471,0.02,0.139,-0.08,4.108,0.98,0.11124218865742425
P0AC38,2.3,-3.97,478,8.79,2.3,3.97,7.95,2.72,7.11,1.67,6.69,5.65,9.21,3.35,7.53,3.97,3.97,3.35,4.39,5.02,9.0,0.0,3.35,9.0,11.92,-2.93,20.92,6.07,5.22,0.493,0.029,0.192,-0.088,4.103,1.014,-2.842939686946561
P0AEZ3,-1.11,0.0,270,8.52,0.74,7.78,7.78,3.33,8.52,0.37,8.15,6.3,10.37,2.22,3.33,2.96,2.22,7.41,5.19,5.19,7.78,0.0,1.85,13.7,15.56,-1.85,29.26,5.19,5.26,0.487,0.019,0.186,-0.091,3.982,1.005,0.00945143910063758
P0A7M9,4.29,4.29,70,2.86,5.71,7.14,2.86,5.71,8.57,4.29,5.71,11.43,2.86,2.86,5.71,4.29,1.43,7.14,7.14,5.71,7.14,0.0,1.43,18.57,10.0,8.57,28.57,7.14,10.64,0.428,0.086,-0.045,-0.024,4.08,1.004,-0.3180292779615221
P31057,0.76,-2.27,264,12.88,1.14,4.55,6.82,3.79,9.85,2.65,4.92,4.17,9.85,3.41,2.65,4.17,4.17,3.41,3.03,6.44,8.71,0.38,3.03,7.58,11.36,-3.79,18.94,7.2,5.19,0.515,0.038,0.246,-0.09,4.053,1.006,-2.557187062177636
P00452,0.26,0.66,761,8.15,1.45,6.7,6.04,3.68,6.31,2.63,6.57,5.52,9.86,2.1,4.6,4.07,4.34,5.26,6.44,5.12,5.12,0.66,5.39,10.78,12.75,-1.97,23.52,9.72,6.0,0.463,0.02,0.117,-0.078,4.17,0.997,-1.9726291844542063
P0A9C5,0.21,-1.07,469,9.59,0.85,6.61,7.68,4.9,7.68,3.41,5.76,5.12,6.82,3.62,4.05,5.76,2.13,4.9,5.97,4.26,6.82,0.43,3.62,10.02,14.29,-4.26,24.31,8.96,5.34,0.468,0.043,0.108,-0.062,4.149,0.982,-2.151152853350833
P0A9M8,-2.1,-1.54,714,10.64,0.84,5.18,6.72,2.38,6.3,0.98,6.02,3.92,9.1,2.66,4.48,5.18,3.92,6.02,7.0,7.14,9.1,0.42,1.96,9.94,11.9,-1.96,21.85,4.76,5.32,0.491,0.02,0.197,-0.083,4.061,1.001,-2.2994797096917283
P0A7Z0,3.2,1.37,219,10.96,0.46,6.39,5.02,2.28,11.87,1.83,9.13,5.94,7.31,3.2,3.2,3.65,3.65,2.74,4.57,5.02,10.96,0.46,1.37,8.68,11.42,-2.74,20.09,4.11,5.25,0.526,0.027,0.285,-0.078,3.982,1.024,-1.9944244305838608
P0A6W5,0.0,-5.7,158,8.86,0.63,6.96,12.66,3.16,6.96,1.27,8.86,6.33,6.96,1.9,4.43,3.16,3.8,6.33,3.16,3.8,8.86,0.0,1.9,12.66,19.62,-6.96,32.28,5.06,4.69,0.459,0.07,0.058,-0.106,3.988,1.001,-0.8429470751279096
P0A6T5,-0.9,-0.45,222,8.11,0.9,5.41,5.86,3.15,4.05,4.5,7.21,4.95,10.36,3.6,4.05,3.6,4.05,5.86,5.86,9.01,7.66,0.0,1.8,10.81,11.26,-0.45,22.07,4.95,7.31,0.487,0.005,0.199,-0.102,4.097,1.03,-2.6823936971068902
P38489,5.07,1.84,217,12.44,0.46,7.83,5.99,5.07,5.07,3.23,3.23,8.29,8.76,2.3,3.69,3.69,3.23,3.23,5.99,5.07,9.22,1.38,1.84,11.52,13.82,-2.3,25.35,8.29,6.03,0.477,0.023,0.153,-0.09,4.068,0.989,-2.8293671292326548
P76558,0.26,-1.58,759,11.46,1.19,5.53,7.11,3.56,6.85,1.58,7.11,5.27,8.56,3.43,3.95,6.06,3.16,5.01,4.48,3.82,9.49,0.13,2.24,10.28,12.65,-2.37,22.92,5.93,5.39,0.506,0.024,0.235,-0.09,4.074,1.005,-2.6915545357822785
P0A7G2,-0.75,-1.5,133,7.52,0.0,7.52,9.02,3.76,5.26,0.75,4.51,7.52,9.02,6.02,3.01,3.01,3.76,8.27,6.02,3.76,9.02,0.0,2.26,15.79,16.54,-0.75,32.33,6.02,6.05,0.456,0.008,0.111,-0.106,4.006,0.991,-0.12449079483067006
P0ACG1,-0.75,-8.96,134,8.96,0.0,3.73,12.69,2.99,5.22,0.0,4.48,8.21,9.7,3.73,3.73,4.48,5.97,8.96,5.22,5.97,3.73,1.49,0.75,17.16,16.42,0.75,33.58,5.22,9.26,0.412,0.007,-0.012,-0.099,3.958,0.932,-0.14794045723973942
P0ADZ0,7.0,-7.0,100,10.0,0.0,3.0,10.0,2.0,6.0,2.0,4.0,14.0,8.0,2.0,3.0,1.0,3.0,7.0,4.0,5.0,14.0,1.0,1.0,21.0,13.0,8.0,34.0,4.0,10.41,0.459,0.08,0.046,-0.139,3.843,1.037,0.6928760628108496
P0AC62,1.2,1.2,83,9.64,3.61,7.23,6.02,2.41,8.43,2.41,7.23,7.23,9.64,2.41,2.41,4.82,3.61,6.02,4.82,4.82,3.61,0.0,3.61,13.25,13.25,0.0,26.51,6.02,7.97,0.465,0.0,0.144,-0.066,4.105,0.97,0.23120939952601377
P0AC41,-3.06,-1.87,588,9.52,1.87,5.44,7.31,3.23,10.03,3.23,4.25,3.74,8.67,2.89,4.25,4.08,3.57,6.8,4.93,5.61,6.97,1.19,2.38,10.54,12.76,-2.21,23.3,6.8,6.08,0.464,0.022,0.119,-0.063,4.15,0.975,-2.7440260042750193
P0AA16,-7.53,-3.35,239,7.11,0.42,5.86,9.21,3.35,5.86,1.26,5.02,3.35,11.72,5.02,2.93,6.28,3.77,10.88,5.44,2.51,7.11,0.42,2.51,14.23,15.06,-0.84,29.29,6.28,6.26,0.462,0.008,0.126,-0.092,4.03,0.974,-0.8270481591872473
P0A6H5,0.23,-4.29,443,9.48,0.45,6.09,10.38,2.26,5.42,1.58,8.58,6.77,9.03,3.16,3.39,3.84,5.19,6.55,4.97,4.74,6.32,0.68,1.13,13.32,16.48,-3.16,29.8,4.06,5.27,0.46,0.032,0.098,-0.108,4.049,0.983,-2.2183203169618864
P0AB89,0.22,-2.41,456,9.43,0.44,5.7,8.11,3.29,5.7,3.07,7.24,5.7,9.87,1.97,4.17,3.73,3.73,5.48,5.04,4.82,7.02,1.54,3.95,11.18,13.82,-2.63,25.0,8.77,5.85,0.473,0.026,0.14,-0.103,4.137,1.012,-2.0724919938243342
P07813,1.51,-0.93,860,9.19,1.28,6.74,7.67,3.14,6.63,1.86,4.07,6.28,7.56,3.95,4.53,4.77,3.49,4.77,2.79,6.28,8.37,2.44,4.19,11.05,14.42,-3.37,25.47,9.77,5.18,0.459,0.034,0.094,-0.082,4.178,0.999,-0.08804962305331947
P31120,-1.12,-1.57,445,12.36,1.12,5.62,7.19,2.92,10.79,2.02,6.97,4.94,8.76,3.15,3.6,3.15,2.02,6.07,4.49,4.27,8.09,0.45,2.02,11.01,12.81,-1.8,23.82,5.39,5.87,0.501,0.018,0.228,-0.084,4.035,0.994,-0.9642621812819995
P0A6R0,-1.26,0.63,317,13.56,1.58,5.99,5.36,2.84,8.52,2.52,6.62,3.15,8.2,2.52,3.47,3.47,2.52,4.42,5.99,7.89,8.52,0.95,1.89,7.57,11.36,-3.79,18.93,5.68,5.09,0.516,0.038,0.248,-0.082,4.06,1.013,-0.05839699338654279
P00957,-0.91,-0.34,876,10.39,0.68,6.96,7.31,4.11,9.13,2.51,4.68,5.37,8.68,2.4,3.77,2.51,4.0,6.28,5.71,4.79,7.76,0.91,2.05,11.64,14.27,-2.63,25.91,7.08,5.65,0.466,0.026,0.121,-0.08,4.096,0.981,-1.1923443970823302
P0A8M0,-3.22,-1.29,466,8.8,0.86,6.65,7.94,6.01,6.87,1.72,3.65,4.08,7.73,2.15,4.29,4.08,2.79,7.3,5.15,4.94,10.09,1.5,3.43,11.37,14.59,-3.22,25.97,10.94,5.2,0.471,0.032,0.13,-0.086,4.124,1.016,0.2687295101629435
P0A9M0,1.53,-2.17,784,7.91,0.77,6.51,8.67,1.28,6.51,1.79,6.51,7.78,10.71,3.83,3.32,4.72,3.57,6.25,4.85,4.08,8.04,0.38,2.55,14.03,15.18,-1.15,29.21,4.21,6.23,0.465,0.011,0.133,-0.093,4.065,0.987,-1.023382985013041
P0AC53,-0.2,-0.2,491,8.35,1.22,6.92,7.13,3.67,6.11,1.22,5.09,6.11,9.78,2.44,4.89,3.67,4.28,6.31,4.48,6.11,6.92,2.44,2.85,12.42,14.05,-1.63,26.48,8.96,5.61,0.458,0.016,0.11,-0.088,4.163,0.995,-1.1762444984275169
P0A6N4,3.19,0.0,188,8.51,0.53,6.91,6.91,4.79,9.04,0.53,3.72,6.91,7.98,2.13,4.26,4.26,2.66,3.72,4.79,7.98,9.57,1.6,3.19,10.64,13.83,-3.19,24.47,9.57,4.88,0.475,0.032,0.141,-0.065,4.074,1.006,-2.439525696092459
P0A8W8,-7.32,-4.27,164,7.32,1.22,4.27,8.54,3.66,4.88,3.66,6.1,1.83,7.93,6.71,6.1,1.83,6.71,9.15,3.05,6.1,3.66,1.83,5.49,10.98,12.8,-1.83,23.78,10.98,6.36,0.436,0.018,0.044,-0.113,4.154,1.004,-3.228451021093163
P0A6F3,-1.99,-2.59,502,9.16,1.0,5.38,7.97,2.79,8.57,1.79,6.77,4.38,7.17,2.99,3.98,2.79,3.98,6.37,4.18,7.37,7.17,2.59,3.59,10.76,13.35,-2.59,24.1,8.96,5.4,0.468,0.026,0.125,-0.09,4.154,1.015,-1.6261281528352085
P0ABS1,-3.31,-7.95,151,8.61,2.65,6.62,14.57,2.65,4.64,1.32,5.96,6.62,7.95,2.65,3.31,3.31,5.3,9.93,3.31,3.97,3.97,0.66,1.99,16.56,21.19,-4.64,37.75,5.3,5.03,0.404,0.046,-0.073,-0.106,4.039,0.947,0.31779182410641277
P69910,-0.21,1.72,466,8.58,2.15,7.73,6.01,4.94,7.73,1.93,5.79,5.36,8.58,3.22,3.43,5.36,4.29,5.58,4.08,4.08,5.36,2.36,3.43,10.94,13.73,-2.79,24.68,10.73,5.34,0.467,0.028,0.122,-0.069,4.208,0.983,0.019862002984389126
P31658,3.89,1.41,283,11.31,0.71,6.71,5.3,5.3,7.42,3.89,4.95,6.36,9.54,2.83,4.24,6.71,2.83,2.47,5.3,4.24,4.59,1.06,4.24,8.83,12.01,-3.18,20.85,10.6,5.83,0.475,0.032,0.14,-0.055,4.131,0.962,-0.030627748491069827
P15034,-4.54,-4.31,441,7.94,0.91,5.22,9.52,3.4,7.71,3.17,6.35,2.95,8.84,2.72,3.63,4.08,4.08,7.48,4.76,4.54,7.71,0.91,4.08,10.43,14.74,-4.31,25.17,8.39,5.3,0.466,0.043,0.103,-0.092,4.136,1.008,-3.67722823395978
P0A9W3,-0.9,-2.52,555,7.39,0.36,6.85,9.37,3.42,8.65,1.98,5.77,6.31,11.53,1.8,3.96,4.14,3.6,7.21,4.86,3.6,5.41,1.44,2.34,13.51,16.22,-2.7,29.73,7.21,5.47,0.447,0.027,0.067,-0.076,4.077,0.962,-0.5960893124892053
P16659,-1.22,-2.45,572,8.92,0.17,5.94,8.39,3.5,7.17,1.57,6.29,4.9,8.57,2.97,3.32,4.9,4.72,6.12,5.24,4.72,8.57,0.87,3.15,11.01,14.34,-3.32,25.35,7.52,5.13,0.473,0.033,0.133,-0.09,4.106,1.001,-3.2168474833443983
P61517,-0.91,-2.27,220,5.45,2.27,5.0,7.27,2.27,7.27,5.45,6.36,4.55,12.73,2.27,5.91,2.73,4.09,5.45,4.55,4.09,7.27,2.73,2.27,10.0,12.27,-2.27,22.27,7.27,6.47,0.474,0.023,0.147,-0.093,4.163,1.017,0.05194538597960668
P04825,-2.07,0.23,870,10.0,0.92,7.13,6.9,4.6,4.37,2.53,4.71,4.02,10.69,2.41,5.06,4.25,4.83,6.09,4.71,5.75,5.98,1.49,3.56,10.11,14.02,-3.91,24.14,9.66,5.17,0.464,0.039,0.102,-0.093,4.154,0.988,-0.9250840777676224
P0ABH9,-0.79,-2.64,758,9.1,0.4,5.8,8.44,3.56,6.6,2.77,6.07,5.8,10.29,1.98,4.22,3.3,4.75,6.6,5.54,5.01,7.92,0.4,1.45,12.4,14.25,-1.85,26.65,5.41,6.14,0.467,0.018,0.131,-0.097,4.073,0.992,-1.8303074388040506
P00961,-0.87,-0.58,689,12.34,0.44,7.4,7.98,4.35,5.52,1.45,4.64,5.95,11.03,2.32,3.48,4.35,3.63,6.82,3.05,4.93,7.4,1.02,1.89,12.77,15.38,-2.61,28.16,7.26,5.33,0.476,0.026,0.148,-0.103,4.041,0.978,-2.410539213583701
P0A7Q1,12.31,1.54,65,10.77,1.54,1.54,0.0,3.08,9.23,6.15,4.62,21.54,9.23,3.08,1.54,4.62,0.0,9.23,1.54,6.15,4.62,0.0,1.54,30.77,1.54,29.23,32.31,4.62,12.38,0.431,0.292,-0.242,-0.077,3.657,0.976,2.5967366046725218
P0A7G6,3.68,-2.83,353,10.76,0.85,5.67,8.5,2.83,9.92,0.57,7.65,7.65,8.78,2.83,4.25,2.83,3.68,3.97,5.67,4.82,6.23,0.57,1.98,11.61,14.16,-2.55,25.78,5.38,5.07,0.481,0.025,0.162,-0.082,4.03,0.977,-2.4451787729562695
P60906,-3.77,-2.83,424,9.67,1.18,5.19,8.02,2.83,9.67,1.89,3.54,3.77,11.56,2.12,4.01,3.3,4.48,7.55,3.77,4.72,7.78,1.42,3.54,11.32,13.21,-1.89,24.53,7.78,5.78,0.47,0.019,0.139,-0.086,4.082,0.985,-1.9667761119925065
P23830,-2.88,3.33,451,5.99,0.89,8.2,4.88,3.1,4.43,2.88,7.98,5.99,11.75,1.77,5.54,4.21,4.66,8.87,3.55,3.1,6.21,1.55,4.43,14.86,13.08,1.77,27.94,9.09,9.54,0.452,0.018,0.091,-0.098,4.123,1.011,0.144456343801761
P00959,1.03,0.15,677,8.71,1.18,6.65,6.5,5.47,6.79,2.36,5.32,5.91,8.42,3.1,4.28,4.73,4.14,4.87,6.06,4.14,6.2,1.62,3.55,10.78,13.15,-2.36,23.93,10.64,5.69,0.466,0.024,0.124,-0.075,4.198,0.988,-2.0867056052219066
P00962,-1.44,-1.62,554,7.04,1.81,6.68,8.3,4.33,5.96,2.89,6.32,5.78,7.22,2.17,4.87,5.05,2.71,7.22,5.05,4.87,6.32,1.44,3.97,13.0,14.98,-1.99,27.98,9.75,6.1,0.442,0.02,0.061,-0.073,4.202,0.997,0.2741869920909462
P0AES4,-2.63,-2.06,875,8.8,0.46,7.2,9.26,1.83,7.54,1.83,7.66,4.91,8.8,2.4,3.54,3.54,2.86,7.54,3.89,5.37,9.49,0.34,2.74,12.46,16.46,-4.0,28.91,4.91,5.07,0.473,0.04,0.127,-0.098,4.033,1.013,-2.068444068182834
P07118,-0.84,-1.58,951,8.2,0.84,6.83,8.41,3.68,6.94,1.79,6.62,5.57,8.31,3.36,4.21,4.42,3.79,6.41,3.36,5.57,6.41,2.52,2.73,11.99,15.25,-3.26,27.23,8.94,5.23,0.458,0.033,0.091,-0.086,4.17,0.993,0.20513920867851035
P0A6L0,2.7,1.54,259,15.44,1.54,7.72,6.18,3.09,6.95,1.54,7.34,7.34,8.49,2.32,2.7,3.09,1.54,4.63,4.63,6.56,6.18,0.39,2.32,11.97,13.9,-1.93,25.87,5.79,5.56,0.498,0.019,0.218,-0.095,4.001,0.989,0.3516492557976199
P0A6Z3,1.44,-1.44,624,7.53,0.0,8.17,9.62,4.17,4.81,2.24,4.97,7.37,10.58,2.08,3.04,2.56,3.85,5.93,7.05,5.45,6.09,1.6,2.88,13.3,17.79,-4.49,31.09,8.65,5.08,0.442,0.045,0.035,-0.098,4.076,0.985,0.17721634652271845
P37689,1.36,-0.39,514,12.65,0.39,7.2,7.59,3.89,7.78,2.53,4.86,6.03,7.59,3.89,3.89,3.7,2.72,4.67,3.89,4.86,8.37,0.58,2.92,10.7,14.79,-4.09,25.49,7.39,5.15,0.478,0.041,0.14,-0.086,4.08,0.984,-0.11395206869005538
P0A7E9,-0.41,-1.24,241,11.62,0.83,4.98,6.22,2.9,9.54,1.24,5.39,5.39,11.2,4.98,4.56,2.9,1.66,5.81,3.73,5.81,8.71,0.41,2.07,11.2,11.2,0.0,22.41,5.39,7.93,0.515,0.0,0.283,-0.094,4.017,1.004,0.331009874332771
P21165,0.45,-0.45,443,9.48,0.68,6.09,6.55,4.06,5.87,4.29,5.87,4.74,10.16,2.71,4.97,5.64,3.61,4.29,4.06,4.29,6.32,1.81,4.51,9.03,12.64,-3.61,21.67,10.38,5.79,0.473,0.036,0.131,-0.082,4.18,0.996,-1.9421617520812786
P05020,-4.02,-1.15,348,9.48,1.72,5.46,6.61,4.6,5.46,4.02,4.6,2.59,9.48,3.16,4.02,6.03,3.16,6.61,4.31,7.18,8.33,0.57,2.59,9.2,12.07,-2.87,21.26,7.76,6.01,0.486,0.029,0.175,-0.081,4.145,1.01,0.035176167108188064
P0ADE8,-0.92,-1.84,326,12.27,0.61,5.83,7.67,4.29,6.44,1.23,3.07,4.91,11.35,3.07,3.99,4.6,4.91,5.83,4.6,5.83,6.13,2.15,1.23,10.74,13.5,-2.76,24.23,7.67,5.17,0.473,0.028,0.137,-0.089,4.075,0.958,0.17257656825661002
P0A6Y5,-1.71,-1.03,292,7.53,2.05,7.88,8.9,2.74,6.51,2.74,4.11,2.4,11.3,2.74,5.48,4.79,6.16,4.11,2.4,6.85,7.88,0.34,3.08,6.51,16.78,-10.27,23.29,6.16,4.31,0.465,0.103,0.042,-0.076,4.095,0.982,-0.8311121033424266
P26646,-1.23,-0.93,324,11.11,0.93,4.94,5.86,2.78,10.49,1.54,4.32,4.01,9.88,2.78,2.78,4.32,5.25,5.25,4.94,5.86,9.57,1.85,1.54,9.26,10.8,-1.54,20.06,6.17,5.77,0.5,0.015,0.225,-0.079,4.066,0.995,0.34359430792558
P0A9P4,-1.25,-1.25,321,9.97,1.25,5.61,6.85,3.12,10.9,3.12,6.85,3.74,9.03,2.49,5.61,2.8,3.12,4.98,4.05,7.79,5.61,0.31,2.8,8.72,12.46,-3.74,21.18,6.23,5.37,0.479,0.037,0.144,-0.064,4.084,0.987,0.3878892191090751
P0AG18,-0.59,-1.18,169,16.57,0.0,4.14,5.33,2.37,7.69,3.55,5.92,3.55,8.28,2.96,4.14,5.92,4.14,4.14,6.51,3.55,8.88,1.18,1.18,7.69,9.47,-1.78,17.16,4.73,6.34,0.51,0.018,0.25,-0.083,3.99,0.974,-0.5252321732124718
P08312,-3.98,-1.53,327,8.56,0.31,5.81,7.34,6.12,7.03,3.36,4.89,3.36,9.48,3.06,4.59,5.2,3.98,7.34,3.98,6.73,6.12,0.61,2.14,10.7,13.15,-2.45,23.85,8.87,6.01,0.464,0.024,0.117,-0.075,4.123,0.984,-2.219452367423891
P0ABF6,-0.34,1.36,294,15.99,1.7,5.78,4.42,3.74,6.8,3.06,4.42,3.4,13.27,2.04,3.74,5.44,4.42,3.74,6.46,4.76,2.72,1.02,3.06,7.14,10.2,-3.06,17.35,7.82,5.54,0.5,0.031,0.211,-0.074,4.03,0.942,-2.2838821976324
P0ACY1,-3.28,-3.83,183,13.11,1.64,3.83,7.65,4.92,7.65,1.64,5.46,3.83,6.56,3.83,2.73,6.56,4.92,7.1,5.46,3.83,6.56,1.64,1.09,10.93,11.48,-0.55,22.4,7.65,6.69,0.481,0.005,0.184,-0.08,4.107,0.968,0.14105360260541142
P25516,-0.9,0.22,891,8.64,0.79,6.4,6.17,2.58,8.75,2.02,4.83,4.83,9.43,2.81,3.7,5.61,3.03,5.72,5.72,6.06,8.19,1.46,3.25,10.55,12.57,-2.02,23.12,7.3,5.72,0.474,0.02,0.149,-0.062,4.133,0.989,0.18974256288756297
P0AEP3,4.3,-2.98,302,8.94,1.66,5.63,8.61,1.66,6.95,2.98,6.95,6.95,8.94,3.97,2.65,5.96,2.98,2.65,3.97,4.64,10.93,0.66,2.32,9.6,14.24,-4.64,23.84,4.64,5.13,0.503,0.046,0.205,-0.091,4.08,1.021,-0.5804651239150574
P0AAI5,0.0,-0.48,413,12.59,0.97,4.84,5.33,3.39,12.59,2.42,6.78,4.12,7.02,3.39,3.87,3.63,2.42,4.12,7.75,5.57,6.3,0.48,2.42,8.23,10.17,-1.94,18.4,6.3,5.91,0.5,0.019,0.223,-0.052,4.048,0.977,0.2805050992321456
P10408,-1.66,-4.55,901,8.99,0.44,5.77,10.32,2.77,6.22,2.44,5.99,5.66,9.1,3.66,3.77,3.22,4.66,7.33,4.88,4.66,6.55,0.78,2.77,12.99,16.09,-3.11,29.08,6.33,5.48,0.448,0.031,0.066,-0.102,4.108,0.981,-2.7615197460165875
P33599,-3.19,-0.34,596,6.54,0.67,6.38,6.71,5.37,7.05,3.19,5.37,4.03,9.56,3.52,3.02,6.21,3.19,7.21,4.19,6.21,6.21,2.01,3.36,11.24,13.09,-1.85,24.33,10.74,6.24,0.466,0.018,0.128,-0.072,4.183,1.001,-1.8370240926262085
P0A9Q5,-0.33,-4.61,304,10.2,1.97,3.95,8.55,3.29,7.24,0.99,4.28,6.25,9.87,5.59,2.3,6.91,2.96,6.58,6.58,3.29,7.24,0.66,1.32,12.83,12.5,0.33,25.33,5.26,8.98,0.486,0.003,0.198,-0.078,4.069,0.965,-2.5243809278861553
P00960,-1.65,-2.64,303,6.6,1.65,5.28,7.92,4.29,7.26,1.65,3.96,3.63,10.23,2.64,3.63,5.61,6.6,5.28,3.3,6.6,5.94,1.98,5.94,8.91,13.2,-4.29,22.11,12.21,4.88,0.456,0.043,0.077,-0.078,4.178,0.999,-2.2742711137669662
P00579,-1.96,-2.77,613,7.99,0.49,8.81,11.58,2.45,3.92,1.47,7.01,5.55,8.81,4.08,3.1,3.1,4.89,7.5,4.73,6.2,5.55,0.65,2.12,13.05,20.39,-7.34,33.44,5.22,4.66,0.435,0.073,-0.014,-0.106,4.056,0.975,-2.611942316821446
P0A9K3,-2.6,-3.76,346,10.12,0.58,5.78,9.54,3.47,5.2,1.73,8.38,5.49,9.25,1.73,4.34,4.62,4.34,8.09,2.89,5.2,6.65,0.29,2.31,13.58,15.32,-1.73,28.9,6.07,5.84,0.464,0.017,0.123,-0.108,4.05,0.997,-1.0446729499955174
P00946,2.81,-3.32,391,11.51,0.51,4.09,7.42,5.12,5.37,2.3,4.35,5.63,12.02,2.3,4.86,6.65,5.63,2.81,7.67,3.07,5.88,1.02,1.79,8.44,11.51,-3.07,19.95,7.93,5.35,0.486,0.031,0.172,-0.079,4.06,0.956,0.4002224754941562
Q46851,-1.73,-1.45,346,8.09,0.58,4.62,6.07,2.31,8.09,2.31,3.76,4.34,14.16,3.18,5.78,4.05,5.49,6.07,7.51,3.76,3.76,2.02,4.05,10.4,10.69,-0.29,21.1,8.38,7.2,0.457,0.003,0.118,-0.071,4.101,0.951,-1.3640556407642972
P04805,-1.7,-1.06,471,8.7,1.49,7.22,8.28,3.18,5.94,4.03,5.52,5.1,8.07,2.55,4.25,4.25,3.82,6.79,4.03,4.88,6.37,1.7,3.82,11.89,15.5,-3.61,27.39,8.7,5.76,0.441,0.036,0.042,-0.083,4.196,0.987,0.49303815150035135
P13035,-2.79,-0.2,501,8.18,0.6,6.39,6.59,2.99,8.18,2.99,5.19,4.99,10.58,2.0,2.59,3.99,3.19,7.78,5.99,4.99,5.99,2.4,4.39,12.77,12.97,-0.2,25.75,9.78,7.45,0.457,0.002,0.121,-0.08,4.14,0.993,-1.7899346432362429
P15639,-0.38,-0.38,529,13.23,1.32,6.43,6.81,3.97,7.94,2.08,6.62,5.29,6.24,3.02,3.59,3.21,3.78,5.67,5.48,4.35,8.13,0.38,2.46,10.96,13.23,-2.27,24.2,6.81,5.63,0.486,0.023,0.18,-0.09,4.092,0.995,-2.3731771102904986
P0A6K3,-1.78,-4.73,169,7.1,1.18,7.1,11.83,1.78,4.73,2.37,8.88,6.51,11.83,2.96,1.78,4.14,5.33,8.28,2.96,1.78,8.28,0.0,1.18,14.79,18.93,-4.14,33.73,2.96,5.26,0.468,0.041,0.11,-0.129,3.946,1.002,0.015412546152498216
P0A6H1,3.3,-1.65,424,8.25,1.65,6.84,8.49,2.36,8.25,1.65,7.31,7.78,10.61,1.18,2.59,4.01,4.72,4.48,5.42,4.48,7.31,0.0,2.59,12.26,15.33,-3.07,27.59,4.95,5.25,0.474,0.031,0.137,-0.085,4.038,0.991,-2.305189591758303
P21888,-1.52,0.87,461,10.63,1.08,8.24,7.38,4.12,6.72,3.47,4.56,4.99,7.81,4.56,3.9,3.25,3.47,6.51,4.12,3.9,6.29,1.52,3.47,11.5,15.62,-4.12,27.11,9.11,5.41,0.454,0.041,0.072,-0.085,4.169,0.976,0.21242884046907637
P33602,-3.52,-0.22,908,10.68,1.76,6.06,6.28,3.52,8.26,2.86,4.96,3.41,7.6,2.42,4.19,4.52,4.85,6.94,5.29,4.74,7.16,1.32,3.19,10.35,12.33,-1.98,22.69,8.04,6.07,0.464,0.02,0.121,-0.071,4.169,0.982,-2.912551154311656
P0AC33,2.74,-1.64,548,9.49,1.64,5.29,6.93,2.92,9.31,2.19,5.66,6.93,9.31,2.01,3.83,4.93,5.29,4.2,4.56,4.93,5.29,0.55,4.74,11.13,12.23,-1.09,23.36,8.21,6.38,0.459,0.011,0.117,-0.066,4.135,0.972,-1.4277063629935915
P27298,0.0,-3.82,680,9.71,0.88,5.44,9.26,5.0,6.62,2.5,3.09,5.29,11.32,2.06,4.12,5.29,4.12,5.29,4.85,3.82,5.15,1.76,4.41,10.59,14.71,-4.12,25.29,11.18,5.18,0.454,0.041,0.071,-0.08,4.134,0.963,0.4223715422147915
P33195,-1.25,-0.31,957,11.7,1.36,5.43,5.75,2.93,7.42,3.34,5.96,3.55,9.2,3.55,3.76,5.02,4.91,4.81,5.02,5.12,7.42,0.73,3.03,8.36,11.18,-2.82,19.54,6.69,5.81,0.493,0.028,0.193,-0.083,4.142,0.993,-1.0236464421652636
P07012,-1.37,-2.19,365,7.95,0.55,8.77,10.96,2.47,6.85,1.37,5.21,5.48,8.22,2.47,3.56,1.92,5.21,6.85,7.12,4.66,6.03,1.37,3.01,12.33,19.73,-7.4,32.05,6.85,4.61,0.423,0.074,-0.046,-0.085,4.076,0.962,-0.43836391631984706
P00393,0.69,-1.15,434,8.99,0.92,4.15,5.3,2.53,9.68,3.92,5.99,5.76,11.75,3.46,5.3,3.92,3.23,5.07,4.61,5.99,6.22,0.46,2.76,10.83,9.45,1.38,20.28,5.76,9.55,0.486,0.014,0.188,-0.072,4.106,0.989,-1.4814051012136369
P17169,-2.13,-3.45,609,9.69,0.66,4.93,8.37,2.13,8.05,3.94,7.06,3.78,11.66,2.3,3.12,3.45,3.61,5.91,6.24,4.6,7.06,0.49,2.96,9.69,13.3,-3.61,22.99,5.58,5.72,0.489,0.036,0.174,-0.096,4.067,1.001,-2.3440992123941427
Q46857,3.64,1.09,275,6.91,0.36,7.27,6.18,2.18,7.27,3.27,7.64,7.64,10.55,1.82,4.0,4.73,6.55,4.0,3.64,4.0,6.91,2.91,2.18,11.64,13.45,-1.82,25.09,7.27,6.27,0.458,0.018,0.107,-0.084,4.122,0.991,-0.05826732598522733
P30177,-1.25,-4.06,320,10.0,1.56,3.75,7.81,2.81,9.06,3.12,5.94,4.69,10.94,3.75,2.81,6.88,4.06,5.94,3.44,5.31,5.31,0.62,2.19,10.62,11.56,-0.94,22.19,5.62,6.73,0.482,0.009,0.181,-0.071,4.105,0.967,0.25271736392853483
P00582,1.51,-3.13,928,10.67,0.22,5.5,8.62,2.59,6.14,2.26,5.71,6.36,11.42,2.69,3.45,5.39,4.2,4.85,4.2,5.39,6.14,0.75,3.45,11.21,14.12,-2.91,25.32,6.79,5.45,0.471,0.029,0.131,-0.092,4.078,0.976,0.6099395863707537
P26616,-1.24,-1.06,565,7.26,1.06,5.49,6.55,3.89,7.26,1.06,7.61,4.25,9.2,3.01,5.31,5.13,5.66,5.49,5.13,5.13,7.08,1.24,3.19,9.73,12.04,-2.3,21.77,8.32,5.21,0.48,0.023,0.163,-0.081,4.16,1.006,-3.0253945409478695
P0AGJ9,1.89,-1.65,424,8.49,1.65,5.66,7.31,5.9,8.02,1.42,4.72,6.6,10.38,1.65,4.72,3.07,6.37,4.72,4.95,4.95,5.42,1.42,2.59,11.32,12.97,-1.65,24.29,9.91,5.69,0.463,0.017,0.122,-0.083,4.138,0.981,0.5460152371738732
P23893,-1.64,-1.41,426,12.21,2.35,5.16,6.57,4.93,10.8,1.88,4.69,2.58,8.45,4.46,3.29,5.63,1.88,4.23,3.76,5.16,8.45,0.23,3.29,6.81,11.74,-4.93,18.54,8.45,4.72,0.522,0.049,0.255,-0.066,4.068,0.999,-2.580844736284478
P22256,0.23,-1.88,426,12.68,1.88,4.93,6.81,3.29,9.86,2.82,6.81,4.93,9.62,2.58,3.05,4.69,3.99,4.69,3.52,4.23,6.57,0.23,2.82,9.62,11.74,-2.11,21.36,6.34,5.99,0.5,0.021,0.221,-0.082,4.079,0.986,3.8407262431643406e-05
P35340,2.69,-1.15,521,9.6,1.15,5.95,7.1,2.88,9.4,1.92,7.29,6.72,9.02,1.73,4.22,3.65,3.26,4.03,5.18,6.14,7.87,0.58,2.3,10.75,13.05,-2.3,23.8,5.76,5.53,0.486,0.023,0.181,-0.076,4.081,1.001,-0.20005024986722142
P0AF96,2.0,-2.67,150,10.0,0.67,6.0,8.67,3.33,6.67,4.0,7.33,6.0,8.0,3.33,2.67,6.67,4.67,4.0,1.33,4.67,7.33,1.33,3.33,10.0,14.67,-4.67,24.67,8.0,5.39,0.472,0.047,0.118,-0.09,4.119,0.996,-1.9422926660439634
P21499,-2.09,-2.21,813,8.24,1.11,6.4,8.61,3.57,7.26,2.21,4.31,7.01,8.73,2.58,2.09,4.31,4.18,9.1,5.04,4.18,7.38,0.62,3.08,16.11,15.01,1.11,31.12,7.26,9.33,0.439,0.011,0.06,-0.086,4.107,0.979,-0.04890145921249552
P69503,2.19,0.0,183,7.65,0.0,6.56,6.56,3.83,10.38,1.09,7.1,6.56,12.57,0.55,1.64,5.46,3.28,4.37,3.83,6.56,8.2,0.0,3.83,10.93,13.11,-2.19,24.04,7.65,5.29,0.503,0.022,0.227,-0.076,3.935,1.015,-0.37840557449645756
P0ABU2,2.75,-3.31,363,10.74,1.65,6.06,9.37,4.68,8.26,1.1,6.34,6.89,8.54,2.2,5.23,4.41,3.03,4.13,1.93,5.51,7.71,0.28,1.93,11.02,15.43,-4.41,26.45,6.89,4.86,0.482,0.044,0.147,-0.084,4.05,0.988,0.2811735101373582
P0AFK0,-0.89,-1.78,450,10.22,1.11,5.11,6.89,2.44,9.78,2.22,6.0,4.22,9.11,2.44,3.11,3.11,3.78,5.11,8.67,6.44,6.44,1.33,2.44,9.33,12.0,-2.67,21.33,6.22,5.47,0.482,0.027,0.165,-0.07,4.096,0.987,-2.600396507787262
P07395,-2.26,-1.64,795,8.81,1.64,6.54,8.18,2.39,7.8,2.14,6.29,4.4,10.57,1.76,3.9,4.65,3.02,6.67,4.03,4.53,9.94,1.01,1.76,11.07,14.72,-3.65,25.79,5.16,5.19,0.489,0.036,0.175,-0.088,4.078,1.009,-1.943190862668123
P24171,-3.08,-1.76,681,12.33,0.29,5.43,7.2,5.58,5.58,2.64,4.26,3.38,10.57,2.79,4.99,3.96,6.31,6.46,3.82,4.41,4.55,2.2,3.23,9.84,12.63,-2.79,22.47,11.01,5.59,0.463,0.028,0.111,-0.1,4.118,0.969,-2.840505196107707
P24182,-0.89,-3.12,449,10.02,1.78,4.68,7.8,3.12,9.58,2.67,9.58,5.57,6.24,3.12,4.01,4.68,3.12,6.46,4.01,3.34,6.68,0.22,3.34,12.03,12.47,-0.45,24.5,6.68,7.03,0.481,0.004,0.183,-0.081,4.109,1.003,-1.9837144742397836
P0A759,1.13,-2.26,266,8.27,1.5,4.51,6.77,4.51,6.39,4.14,5.26,5.64,9.02,3.76,6.02,4.89,2.63,4.51,4.14,6.39,7.89,0.75,3.01,10.15,11.28,-1.13,21.43,8.27,6.78,0.479,0.011,0.173,-0.079,4.181,1.011,-2.68260606122313
P0AGJ5,-1.74,0.29,345,9.28,1.16,6.67,6.38,2.32,10.43,2.32,2.9,6.38,5.8,2.03,4.06,4.64,4.64,8.12,5.8,5.22,8.41,2.03,1.45,14.49,13.04,1.45,27.54,5.8,9.64,0.424,0.014,0.016,-0.045,4.108,0.95,-0.30975737552023874
P0A9J8,-1.04,-3.63,386,9.84,1.04,3.89,7.51,2.85,4.66,3.89,5.7,4.4,12.95,2.07,4.15,3.89,5.7,5.44,6.48,5.96,6.22,0.52,2.85,9.84,11.4,-1.55,21.24,6.22,6.51,0.481,0.016,0.174,-0.106,4.096,0.999,-2.5595472123582077
P21170,-2.89,-1.67,658,7.45,1.22,6.53,8.21,3.04,7.75,3.19,5.02,2.74,10.18,3.65,3.5,4.26,5.47,5.62,6.23,3.65,7.14,1.37,3.8,8.36,14.74,-6.38,23.1,8.21,4.82,0.467,0.064,0.086,-0.08,4.161,0.987,-3.0374813435092425
P08178,2.03,0.87,345,8.12,2.03,7.25,6.38,2.03,11.3,2.32,6.09,5.22,9.57,2.32,3.19,4.06,2.32,3.19,5.8,4.64,10.14,1.45,2.61,8.41,13.62,-5.22,22.03,6.09,4.8,0.504,0.052,0.2,-0.062,4.084,1.011,-2.5003371905983784
P0ADG4,-2.62,1.5,267,11.99,0.37,6.74,5.24,4.49,8.99,1.5,6.37,4.49,7.49,2.25,5.24,3.37,2.62,7.12,3.37,7.12,7.49,0.75,3.0,11.61,11.99,-0.37,23.6,8.24,6.85,0.481,0.004,0.185,-0.078,4.062,1.0,0.3344585569570848
P76658,0.21,-2.31,477,10.69,0.84,5.24,7.55,2.52,9.01,1.05,4.82,5.45,10.27,2.31,3.77,4.61,3.14,5.24,5.24,5.24,10.69,0.63,1.68,10.69,12.79,-2.1,23.48,4.82,5.33,0.5,0.021,0.219,-0.083,4.024,0.999,-2.371674326266502
P0AFY8,2.21,-3.87,181,10.5,1.1,3.87,7.73,2.76,3.31,2.76,6.08,7.73,8.29,3.87,2.76,4.42,3.87,5.52,7.18,7.73,6.63,0.55,3.31,13.26,11.6,1.66,24.86,6.63,9.53,0.468,0.017,0.136,-0.106,4.116,1.009,-0.48120503378933466
P0A8N5,-4.16,-1.98,505,8.12,0.2,7.13,9.11,6.14,6.53,2.18,6.14,3.96,8.91,3.56,3.96,3.76,4.16,8.12,3.37,5.74,5.54,0.4,2.97,12.08,16.24,-4.16,28.32,9.5,5.11,0.456,0.042,0.076,-0.093,4.099,0.99,-1.104652297854002
P23882,0.32,-0.95,315,10.16,0.95,5.08,6.03,1.9,7.94,0.95,4.76,5.08,12.38,2.86,2.86,6.67,5.4,4.76,5.71,5.4,7.62,2.22,1.27,9.84,11.11,-1.27,20.95,5.4,5.63,0.493,0.013,0.21,-0.075,4.064,0.972,0.9351436679642071
P0A6V8,0.31,-2.18,321,9.97,1.87,4.67,6.85,4.67,10.9,3.74,7.48,4.98,10.28,1.87,3.43,4.05,0.93,4.67,4.67,3.74,7.79,0.93,2.49,9.66,11.53,-1.87,21.18,8.1,6.35,0.517,0.019,0.27,-0.079,4.073,1.019,-1.5264037942629736
Q46856,1.03,0.0,387,10.85,0.26,5.94,5.94,2.84,8.79,3.36,5.68,5.17,10.34,2.07,4.13,4.91,3.88,4.13,3.1,6.98,7.75,1.29,2.58,9.3,11.89,-2.58,21.19,6.72,5.93,0.486,0.026,0.176,-0.076,4.085,0.992,-2.502739958186176
P15640,1.4,-1.17,429,12.59,1.4,6.53,7.69,3.5,10.49,2.56,5.13,5.36,7.69,3.03,2.8,4.66,2.8,3.96,2.1,6.06,8.62,1.17,1.86,9.32,14.22,-4.9,23.54,6.53,4.95,0.492,0.049,0.171,-0.073,4.062,0.985,0.259835201389502
P0A8A2,5.46,-2.52,238,10.08,0.0,7.14,9.66,4.2,8.82,1.68,8.4,7.98,5.46,1.68,5.04,2.94,2.52,2.52,3.78,6.72,8.4,0.42,2.52,10.5,16.81,-6.3,27.31,7.14,4.69,0.471,0.063,0.099,-0.081,3.994,1.006,-0.02823739815060978
P05459,-1.32,1.32,378,9.79,1.59,7.14,5.82,3.44,8.2,2.65,4.5,5.29,13.23,1.06,2.65,5.03,2.12,6.61,4.23,5.03,8.47,0.79,2.38,11.9,12.96,-1.06,24.87,6.61,6.53,0.496,0.011,0.22,-0.08,4.044,0.997,-0.11176980243652883
P0A7E5,-1.28,-2.57,545,7.16,1.47,5.32,7.89,3.3,8.26,2.57,7.52,4.77,8.62,2.39,4.4,4.4,3.3,6.06,4.95,4.95,9.17,0.55,2.94,10.83,13.21,-2.39,24.04,6.79,5.79,0.485,0.024,0.175,-0.084,4.136,1.024,-2.3553755285910474
P0AFU8,1.41,-2.35,213,6.1,1.41,5.16,7.51,3.29,8.45,3.29,7.04,5.63,8.92,3.29,5.16,2.82,3.29,4.23,3.76,9.39,9.39,0.94,0.94,9.86,12.68,-2.82,22.54,5.16,5.83,0.489,0.028,0.182,-0.084,4.101,1.035,0.8618227293240126
P0AGD7,3.31,0.44,453,9.05,0.22,6.62,6.18,3.31,8.39,1.32,4.42,9.49,9.71,6.18,3.75,3.97,3.97,6.18,3.75,3.97,9.05,0.0,0.44,15.67,12.8,2.87,28.48,3.75,9.98,0.473,0.029,0.137,-0.085,3.989,0.972,-1.9745343967790017
P0A6I0,-5.29,-0.88,227,14.98,0.44,6.61,7.49,3.08,5.29,2.64,4.85,3.08,12.33,1.76,2.2,3.96,3.96,8.37,5.29,3.52,8.81,0.44,0.88,11.45,14.1,-2.64,25.55,4.41,5.69,0.5,0.026,0.215,-0.117,3.931,0.983,-3.7006859573897617
P33221,-4.08,-3.06,392,11.48,1.28,4.59,7.65,3.32,8.93,2.3,5.36,2.81,9.69,2.3,1.53,4.34,5.36,6.89,5.1,4.08,10.46,0.51,2.04,9.69,12.24,-2.55,21.94,5.87,5.57,0.506,0.026,0.233,-0.101,4.03,1.013,-0.796578955212891
P68767,-1.59,-3.78,503,9.54,1.79,3.78,7.55,2.39,9.74,1.99,5.37,4.77,9.94,3.18,4.57,3.98,4.17,6.36,5.77,4.77,6.76,0.8,2.78,11.13,11.33,-0.2,22.47,5.96,7.32,0.476,0.002,0.172,-0.075,4.122,0.98,-1.1727334312162532
P0A9P6,-9.06,-1.91,629,8.27,0.16,6.68,8.59,3.02,9.54,1.43,4.93,3.34,10.65,3.02,3.18,4.77,4.13,12.4,3.97,4.77,5.25,0.32,1.59,15.74,15.26,0.48,31.0,4.93,9.23,0.435,0.005,0.055,-0.071,3.985,0.944,0.13765448498514415
P27248,-2.47,-1.65,364,10.44,0.55,5.49,7.14,4.4,9.34,2.47,5.22,3.57,8.24,3.85,3.3,3.85,4.12,6.04,3.57,6.87,7.42,1.37,2.75,9.62,12.64,-3.02,22.25,8.52,5.43,0.482,0.03,0.162,-0.083,4.125,0.998,-1.5948847798527634
P13445,-6.67,-5.45,330,7.27,0.0,6.97,12.42,2.73,5.76,1.21,5.76,3.64,13.33,1.52,3.94,2.42,4.55,10.3,3.94,5.15,6.06,0.91,2.12,13.94,19.39,-5.45,33.33,5.76,4.86,0.441,0.055,0.023,-0.114,3.946,0.978,-3.2840921223109145
P23839,-4.18,-9.06,287,9.41,0.35,4.18,13.24,1.74,3.48,0.7,6.27,4.88,11.15,3.14,4.18,2.09,6.62,9.06,4.18,4.18,7.67,1.74,1.74,13.94,17.42,-3.48,31.36,5.23,5.05,0.451,0.035,0.07,-0.146,3.972,0.996,-2.090312723426076
P0A749,-1.19,-1.43,419,11.22,1.43,5.49,6.92,2.63,9.55,2.15,7.4,4.77,9.07,2.39,2.86,3.82,2.86,5.97,4.06,6.44,9.31,0.48,1.19,10.74,12.41,-1.67,23.15,4.3,5.99,0.508,0.017,0.247,-0.089,4.039,1.015,0.3033608945688345
P0ACI6,2.63,-0.66,152,7.89,1.32,5.26,5.92,1.97,6.58,1.97,12.5,6.58,9.21,3.29,3.29,3.29,4.61,3.95,5.26,6.58,5.92,0.0,4.61,10.53,11.18,-0.66,21.71,6.58,6.67,0.507,0.007,0.254,-0.109,4.071,1.051,-2.5609845307848764
P25437,1.36,-0.27,369,8.4,2.71,5.69,5.96,3.79,11.65,3.25,5.96,5.42,5.96,2.17,3.25,4.88,2.44,4.07,4.34,6.23,11.11,0.81,1.9,9.49,11.65,-2.17,21.14,6.5,6.1,0.499,0.022,0.216,-0.055,4.108,1.025,-0.5841011814471506
P0A9U3,0.94,-2.45,530,6.04,0.19,6.6,9.06,4.34,7.92,1.51,5.28,6.23,11.7,3.4,4.72,3.21,4.15,5.28,6.42,4.15,5.66,1.13,3.02,11.51,15.66,-4.15,27.17,8.49,4.95,0.458,0.042,0.082,-0.08,4.1,0.976,-0.9223455553780525
P0ACC7,0.22,0.66,456,9.87,0.88,6.36,5.7,1.54,10.75,2.63,6.58,5.48,9.87,1.97,5.26,2.85,4.39,5.26,2.41,6.58,8.55,0.66,2.41,10.75,12.06,-1.32,22.81,4.61,6.37,0.48,0.013,0.174,-0.076,4.044,0.997,-1.8365685892798318
P37051,-3.93,0.71,280,7.86,1.07,6.79,6.07,3.93,5.71,4.64,8.21,3.93,9.64,2.86,5.36,3.57,2.86,7.86,2.86,4.64,8.21,0.0,3.93,11.79,12.86,-1.07,24.64,7.86,6.87,0.482,0.011,0.18,-0.102,4.108,1.036,-2.1211057657758685
P0A7X6,4.4,4.4,182,4.4,1.1,9.89,5.49,3.3,7.69,1.1,6.04,7.14,8.79,3.3,2.75,3.3,7.14,2.75,6.04,4.4,9.34,3.3,2.75,9.89,15.38,-5.49,25.27,9.34,4.57,0.468,0.055,0.097,-0.079,4.122,1.015,0.5336217472547694
P0A6D3,-0.94,0.94,427,10.77,1.41,6.09,5.15,3.04,8.67,1.87,6.09,3.98,11.24,3.28,4.22,4.22,2.81,4.92,5.15,7.96,5.62,0.47,3.04,8.9,11.24,-2.34,20.14,6.56,5.43,0.499,0.023,0.217,-0.072,4.091,0.99,-0.28554994172546394
P11875,0.17,-2.08,577,11.44,0.69,6.24,8.32,3.29,6.76,2.43,4.51,5.72,10.23,3.81,3.29,3.29,4.68,5.55,2.77,5.03,7.11,0.87,3.99,11.27,14.56,-3.29,25.82,8.15,5.38,0.471,0.033,0.129,-0.105,4.103,0.988,0.1401276320242868
P0AB77,-2.26,-0.5,398,14.07,1.51,6.03,6.53,4.27,9.3,2.51,6.03,4.02,8.29,3.02,3.27,1.76,4.02,6.28,5.03,4.02,6.78,0.5,2.76,10.3,12.56,-2.26,22.86,7.54,5.8,0.495,0.023,0.204,-0.097,4.067,0.991,0.6000029408629176
P69924,-0.27,-1.86,376,5.85,1.33,6.65,8.51,4.52,3.46,2.13,7.45,4.26,9.84,2.39,4.52,3.46,6.12,4.52,6.91,5.32,6.65,1.86,4.26,8.78,15.16,-6.38,23.94,10.64,4.67,0.469,0.064,0.092,-0.106,4.175,1.029,-1.9054986346104783
P0AF12,2.16,-1.29,232,13.79,2.16,5.17,6.47,3.45,9.48,3.02,7.76,4.74,9.91,1.72,3.88,2.59,3.45,2.59,5.17,3.88,9.05,0.0,1.72,7.33,11.64,-4.31,18.97,5.17,5.12,0.534,0.043,0.293,-0.098,3.998,1.017,-1.1638456655620362
P24215,-1.78,-1.52,394,8.88,0.76,7.11,8.63,3.55,6.35,3.3,6.35,5.08,7.36,3.55,3.55,4.82,3.3,6.85,3.05,5.33,7.36,1.78,3.05,11.93,15.74,-3.81,27.66,8.38,5.47,0.455,0.038,0.079,-0.088,4.167,0.997,0.5090896199830135
P12281,-3.41,-1.95,411,9.0,1.46,4.62,6.57,4.62,10.46,1.22,4.87,2.43,10.46,1.95,3.16,5.84,4.62,5.84,6.08,6.08,8.52,0.97,1.22,8.27,11.19,-2.92,19.46,6.81,5.0,0.503,0.029,0.221,-0.063,4.06,0.993,-2.066596758254437
P0A7I4,0.57,-0.19,529,7.18,1.13,7.18,7.37,4.73,7.18,2.46,4.73,6.43,9.26,3.21,3.4,3.78,4.54,5.86,3.59,6.62,8.13,0.76,2.46,12.29,14.56,-2.27,26.84,7.94,5.81,0.464,0.023,0.118,-0.085,4.146,1.003,0.37146102772831924
P30850,-2.8,-0.31,644,10.87,1.09,7.76,8.07,4.5,5.75,2.48,6.21,4.97,9.16,2.33,2.8,4.81,3.26,7.76,3.26,4.97,6.83,1.4,1.71,12.73,15.84,-3.11,28.57,7.61,5.46,0.469,0.031,0.125,-0.095,4.105,0.988,-1.1943414154184522
P75823,-3.0,-0.6,333,14.11,1.2,6.01,6.61,2.4,7.51,2.4,4.8,3.9,10.51,3.3,4.5,3.3,3.3,6.91,3.6,4.5,6.91,1.2,3.0,10.81,12.61,-1.8,23.42,6.61,6.01,0.486,0.018,0.184,-0.097,4.076,0.978,-0.15723624863565472
P37759,0.28,-0.55,361,8.86,0.83,6.65,7.2,2.49,6.37,3.6,6.65,5.26,6.65,0.83,5.26,4.43,2.49,4.99,6.37,6.09,7.48,1.94,5.54,10.25,13.85,-3.6,24.1,9.97,5.6,0.45,0.036,0.067,-0.071,4.152,1.01,-3.54163503627942
P0AF20,-2.46,-2.71,406,9.36,1.97,3.94,6.65,2.71,7.88,3.45,10.34,3.94,10.59,0.74,4.43,3.2,5.67,6.4,5.17,4.68,6.65,0.25,1.97,10.34,10.59,-0.25,20.94,4.93,7.44,0.499,0.002,0.237,-0.103,4.058,1.024,-1.899896783291248
P69811,0.53,2.13,376,14.63,0.0,7.71,5.59,2.39,8.51,1.86,3.99,4.52,12.77,2.13,4.26,2.13,5.59,3.99,4.79,6.38,7.71,0.53,0.53,8.51,13.3,-4.79,21.81,3.46,4.77,0.497,0.048,0.185,-0.091,3.905,0.96,-1.7771636207677781
P33643,-4.6,-2.15,326,7.67,0.31,6.13,8.28,1.84,5.83,5.52,7.06,3.99,7.98,3.68,1.84,7.06,3.99,8.59,2.45,5.83,8.59,0.92,2.45,12.58,14.42,-1.84,26.99,5.21,6.65,0.454,0.018,0.094,-0.087,4.085,1.004,0.6127612030593961
P0A9C0,-6.27,-0.74,542,10.89,2.58,5.9,6.64,1.66,8.49,2.58,6.83,2.58,9.96,1.48,3.32,3.87,3.14,8.86,4.8,6.64,7.2,1.11,1.48,11.44,12.55,-1.11,23.99,4.24,6.48,0.485,0.011,0.189,-0.083,4.06,0.998,-2.13310717204298
P0AG16,-4.36,0.4,505,9.31,1.39,7.13,6.73,4.36,6.93,1.98,8.32,3.37,7.52,2.38,6.14,3.76,3.76,7.72,4.55,3.96,7.13,0.2,3.37,11.09,13.86,-2.77,24.95,7.92,5.38,0.473,0.028,0.139,-0.085,4.116,1.006,-2.6790932789832986
P21507,-1.13,-2.7,444,9.68,0.45,5.86,8.56,2.48,6.08,3.38,5.41,7.66,9.91,1.58,2.48,4.95,3.15,8.78,3.6,7.43,6.08,0.68,1.8,16.44,14.41,2.03,30.86,4.95,9.72,0.438,0.02,0.049,-0.088,4.046,0.973,-0.09566448116163893
P24186,-1.74,0.0,288,9.38,1.74,5.9,5.9,2.08,8.33,2.08,7.64,4.17,9.03,1.39,4.51,5.9,3.12,5.9,3.47,5.9,11.11,0.35,2.08,10.07,11.81,-1.74,21.88,4.51,5.91,0.505,0.017,0.239,-0.078,4.055,1.027,-2.7663858558536925
P17117,-3.33,-0.83,240,9.58,2.08,5.0,5.83,2.92,6.25,3.33,7.5,3.33,12.92,1.25,3.75,4.58,5.42,6.67,6.25,5.42,3.75,1.67,2.5,10.0,10.83,-0.83,20.83,7.08,6.83,0.483,0.008,0.185,-0.089,4.119,0.988,-0.17674453174904606
P0A6J5,-3.7,-1.39,432,9.49,1.39,4.63,6.02,2.78,9.72,2.08,4.17,3.01,9.95,3.01,3.01,5.32,5.09,6.71,4.4,6.71,6.94,1.85,3.7,9.72,10.65,-0.93,20.37,8.33,6.46,0.476,0.009,0.166,-0.069,4.138,0.988,-1.977121927279222
P0AFI2,-1.86,-0.8,752,8.64,0.27,6.52,7.31,1.99,6.78,1.86,5.45,5.59,11.44,3.99,3.72,5.72,3.99,7.45,5.85,4.12,6.12,0.66,2.53,13.03,13.83,-0.8,26.86,5.19,6.5,0.459,0.008,0.119,-0.076,4.083,0.96,-1.7788580002401746
P60240,-4.96,-1.55,968,8.78,0.62,6.92,8.47,3.82,5.58,3.0,5.17,2.69,12.09,2.48,4.13,3.72,5.89,7.64,5.17,4.65,5.99,1.24,1.96,10.33,15.39,-5.06,25.72,7.02,5.03,0.461,0.051,0.081,-0.097,4.098,0.976,-2.262051002314124
P33232,-3.03,2.53,396,13.64,0.76,6.57,4.04,2.78,9.09,1.52,5.56,3.54,10.86,3.79,3.54,5.05,2.53,6.57,5.56,3.79,6.31,1.77,2.78,10.1,10.61,-0.51,20.71,7.32,6.68,0.504,0.005,0.248,-0.075,4.058,0.971,-1.4543741595849147
P46837,-1.55,-0.39,773,11.51,0.65,6.73,7.12,2.72,6.6,2.07,4.01,5.43,10.09,2.46,4.01,4.66,4.53,6.99,4.4,5.3,8.02,0.78,1.94,12.42,13.84,-1.42,26.26,5.43,6.13,0.463,0.014,0.124,-0.085,4.077,0.969,-1.7181329592443593
P37349,-0.42,-1.91,472,11.86,1.69,6.36,8.26,1.91,4.66,2.33,5.51,3.6,13.14,2.12,2.54,4.66,5.51,4.03,6.14,5.93,6.99,0.42,2.33,7.63,14.62,-6.99,22.25,4.66,4.58,0.498,0.07,0.166,-0.103,4.037,0.986,-3.824474002152098
Q57261,-2.58,-2.87,349,11.46,1.15,5.16,8.02,4.58,7.45,1.72,3.44,4.87,10.89,1.15,4.3,2.87,5.44,7.45,3.44,4.58,8.02,2.58,1.43,12.32,13.18,-0.86,25.5,8.6,6.41,0.47,0.009,0.15,-0.104,4.067,0.987,-0.023502062576372603
P0A6Z1,-3.73,1.95,616,13.96,0.32,7.79,5.84,2.11,7.95,2.11,5.36,2.92,10.88,2.11,1.95,3.57,5.19,6.66,6.17,4.71,8.6,0.16,1.62,9.58,13.64,-4.06,23.21,3.9,4.97,0.497,0.041,0.192,-0.093,3.952,0.978,-3.1538648606619333
P08957,0.38,1.51,529,6.81,1.13,8.51,6.99,3.97,7.75,3.02,3.97,5.48,10.96,2.08,5.29,4.35,4.35,5.1,4.73,6.43,5.29,1.51,2.27,10.59,15.5,-4.91,26.09,7.75,5.04,0.441,0.049,0.029,-0.055,4.151,0.958,-0.9941276459750449
P0A6L4,1.35,-0.34,297,8.75,1.35,5.39,5.72,3.37,9.09,1.68,5.72,5.39,11.45,2.36,2.36,3.7,7.07,4.04,5.05,4.71,8.08,0.34,4.38,9.43,11.11,-1.68,20.54,8.08,5.75,0.497,0.017,0.215,-0.092,4.086,1.013,0.02475862504564768
P0AEI1,-3.16,-1.48,474,5.91,1.27,6.96,8.44,3.8,6.75,1.9,7.17,4.43,7.81,2.95,3.59,4.64,3.8,7.59,5.49,6.33,7.38,0.84,2.95,12.03,15.4,-3.38,27.43,7.59,5.23,0.458,0.034,0.091,-0.079,4.156,1.009,-2.6097229273067777
P0AFL6,-3.31,-4.29,513,7.99,0.78,3.9,8.19,4.09,6.82,3.31,5.65,4.09,12.48,3.31,3.51,4.29,5.65,7.41,5.07,4.68,5.65,1.56,1.56,11.5,12.09,-0.58,23.59,7.21,6.99,0.473,0.006,0.162,-0.099,4.124,0.987,-2.0512714780468038
P14175,-1.75,-0.5,400,9.0,0.25,6.75,7.25,3.25,8.0,1.5,7.75,5.0,11.25,3.25,3.5,3.75,5.25,6.75,5.0,3.5,7.0,0.0,2.0,11.75,14.0,-2.25,25.75,5.25,5.43,0.485,0.022,0.177,-0.096,4.031,0.989,-2.354377712023399
P75864,-1.85,1.28,702,9.83,1.14,6.41,5.13,3.42,7.41,2.28,4.27,5.56,11.97,2.42,4.56,3.7,4.13,7.41,5.13,5.27,4.84,1.99,3.13,12.96,11.54,1.42,24.5,8.55,9.54,0.46,0.014,0.116,-0.079,4.139,0.97,-1.7727262555016543
P0A7E3,0.0,-3.76,213,10.8,0.94,5.16,8.92,5.63,8.92,1.88,7.04,5.63,10.8,1.88,2.82,2.82,3.29,5.63,4.23,4.23,5.63,0.0,3.76,11.27,14.08,-2.82,25.35,9.39,5.38,0.494,0.028,0.195,-0.102,4.035,1.003,-0.6863532516489563
P04983,0.8,-1.6,501,6.79,0.4,5.79,7.39,3.39,9.78,1.4,6.79,6.39,11.18,3.99,2.99,2.79,3.99,5.59,5.99,5.19,7.78,0.4,2.0,11.98,13.17,-1.2,25.15,5.79,5.98,0.49,0.012,0.202,-0.088,4.056,1.005,-2.2107275120100747
Q46938,0.0,0.36,278,5.4,1.8,6.12,5.76,3.96,8.63,4.32,5.76,4.32,5.4,4.32,3.96,3.96,3.24,4.32,4.68,8.27,10.43,1.08,4.32,8.63,11.87,-3.24,20.5,9.35,5.94,0.479,0.032,0.15,-0.068,4.191,1.051,0.06815045275190759
P30744,-0.66,-0.66,455,11.43,2.2,5.27,5.93,2.2,8.79,2.64,6.15,3.96,8.35,4.18,4.4,3.74,3.3,4.62,6.15,4.62,9.01,0.44,2.64,8.57,11.21,-2.64,19.78,5.27,5.63,0.506,0.026,0.231,-0.081,4.115,1.005,-2.6287038958605673
P23862,-11.43,-6.29,175,16.57,1.71,3.43,9.71,2.29,1.14,3.43,2.29,2.86,14.29,1.14,1.14,2.29,8.57,14.29,2.86,5.14,4.0,2.29,0.57,17.14,13.14,4.0,30.29,5.14,10.97,0.439,0.04,0.031,-0.163,3.758,0.953,0.04065937969918168
P0AAF3,-1.19,-1.19,504,9.33,0.6,5.16,6.35,2.38,9.52,2.58,8.33,4.37,9.52,3.37,3.77,3.77,4.76,5.56,5.75,3.77,7.54,0.79,2.78,9.92,11.51,-1.59,21.43,5.95,6.2,0.494,0.016,0.21,-0.087,4.101,1.004,-1.1229856412523809
