, BL21-DE3_up, niwa-solub, AS-500, AS-1000, AS-2000,K-R,D-E,naa,totperc,A,C,D,E,F,G,H,I,K,L,M,N,P,Q,R,S,T,V,W,Y,K+R,D+E,K+R-D-E,K+R+D+E,F+W+Y,pI,KyteDoo,abs-charge,FoldIndex,disorder,entropy,betapropensity
P0A9Y6, A0A140NAW2,94,1.301144667,0.74372287,1.447431736,10.14,-1.45,69,100,10.14,0.0,4.35,5.8,10.14,13.04,1.45,7.25,10.14,1.45,1.45,5.8,2.9,7.25,0.0,4.35,4.35,8.7,1.45,0.0,10.14,10.14,0.0,20.29,11.59,7.94,0.479,0.0,0.183,-0.059,3.812,0.999
P0A9B2, A0A140N783,73,1.166112832,0.818123593,0.725062779,4.53,3.02,331,100,10.57,0.91,7.55,4.53,3.32,9.06,1.81,6.04,8.16,6.04,2.42,5.44,2.72,1.51,3.63,4.53,8.16,10.27,0.91,2.42,11.78,12.08,-0.3,23.87,6.65,7.03,0.485,0.003,0.197,-0.069,4.045,1.019
P0A6Y8, A0A140NFV3,116,0.877658501,0.811796057,0.912378975,3.92,0.78,638,100,10.97,0.16,8.62,7.84,2.35,7.37,1.25,6.9,7.84,7.52,2.35,4.08,3.61,5.8,3.92,3.92,6.9,7.37,0.16,1.1,11.76,16.46,-4.7,28.21,3.61,4.82,0.455,0.047,0.068,-0.08,3.998,0.966
P0A7K2, A0A140SS63,99,0.74299881,0.799833974,0.846710175,9.92,-8.26,121,100,23.14,0.0,4.96,13.22,1.65,6.61,0.0,4.96,10.74,6.61,3.31,0.83,1.65,0.83,0.83,4.96,2.48,13.22,0.0,0.0,11.57,18.18,-6.61,29.75,1.65,4.56,0.533,0.066,0.267,-0.149,3.431,0.987
P0A6F9, A0A140NEN6,86,0.824427173,0.796358208,0.299545333,3.09,-4.12,97,100,7.22,0.0,6.19,10.31,1.03,10.31,1.03,10.31,8.25,7.22,2.06,5.15,2.06,0.0,5.15,6.19,3.09,13.4,0.0,1.03,13.4,16.49,-3.09,29.9,2.06,5.15,0.5,0.031,0.209,-0.095,3.775,1.042
P0ACF8, A0A140NCH9,103,2.650194702,1.552491234,1.939530309,0.73,-9.49,137,100,10.95,0.73,4.38,13.87,0.73,4.38,0.0,4.38,8.76,10.22,2.92,4.38,2.19,5.11,8.03,4.38,6.57,5.11,0.73,2.19,16.79,18.25,-1.46,35.04,3.65,5.42,0.417,0.015,-0.006,-0.119,3.911,0.948
P0A799, A0A140N8E1,100,0.990585448,0.802497767,1.355415751,4.65,0.78,387,100,12.4,0.78,7.49,6.72,3.88,8.27,1.03,5.68,8.01,10.34,1.55,3.36,3.62,1.55,3.36,5.43,5.17,9.56,0.26,1.55,11.37,14.21,-2.84,25.58,5.68,5.06,0.508,0.028,0.235,-0.086,3.959,0.998
P0A9G6, A0A140NF15,43,1.122505779,0.820916967,0.058140694,1.15,-0.92,434,100,12.9,1.15,5.3,6.22,4.38,8.06,1.84,4.61,4.84,7.6,2.3,2.76,3.92,6.68,3.69,5.76,6.22,5.99,1.84,3.92,8.53,11.52,-3.0,20.05,10.14,5.19,0.475,0.03,0.142,-0.083,4.132,0.983
P02359, A0A140N6W8,94,1.035781828,0.913144753,1.124367939,-2.79,-5.03,179,100,12.29,0.0,2.79,7.82,2.79,5.59,1.68,2.79,7.82,8.94,2.79,3.91,3.91,2.79,10.61,8.38,2.79,8.94,1.12,2.23,18.44,10.61,7.82,29.05,6.15,10.76,0.449,0.078,0.021,-0.103,3.97,0.975
P0A6P9, A0A140N6G0,101,0.978376517,0.921386067,1.140909454,6.02,-2.08,432,100,13.66,0.23,5.79,7.87,2.78,10.88,1.62,8.1,8.56,6.94,3.01,4.4,2.55,2.55,2.55,5.09,4.86,5.79,0.23,2.55,11.11,13.66,-2.55,24.77,5.56,5.37,0.482,0.025,0.167,-0.076,3.971,0.969
P0ACF0, A0A140NF24,96,0.944533693,0.882380396,1.312856207,8.89,-4.44,90,100,16.67,0.0,3.33,7.78,3.33,6.67,1.11,5.56,12.22,7.78,1.11,4.44,2.22,4.44,3.33,4.44,7.78,7.78,0.0,0.0,15.56,11.11,4.44,26.67,3.33,10.14,0.475,0.044,0.127,-0.11,3.796,0.974
P0A6P1, A0A140NFD7,87,1.018331366,0.773119034,1.122727761,6.71,-6.36,283,100,13.78,0.71,4.95,11.31,3.53,8.48,1.41,6.71,9.89,5.65,3.53,2.83,1.77,3.53,3.18,3.53,3.89,10.25,0.0,1.06,13.07,16.25,-3.18,29.33,4.59,5.24,0.487,0.032,0.173,-0.117,3.906,1.0
P62707, A0A140N9D9,103,1.277152117,0.957952868,1.954432975,3.6,-5.2,250,100,9.6,0.0,5.2,10.4,2.4,6.0,2.0,3.6,8.8,11.2,1.2,4.8,4.4,2.4,5.2,4.4,4.4,6.4,2.8,4.8,14.0,15.6,-1.6,29.6,10.0,6.02,0.437,0.016,0.05,-0.092,4.048,0.972
P25553, A0A140N9Z6,53,1.18427996,0.858501669,1.449352265,-0.63,-3.55,479,100,12.32,0.63,4.59,8.14,3.55,8.77,1.04,7.52,4.59,6.89,3.13,4.18,4.38,4.18,5.22,4.18,3.97,8.35,1.46,2.92,9.81,12.73,-2.92,22.55,7.93,5.04,0.494,0.029,0.195,-0.094,4.087,1.003
P0AF93, A0A140NBS2,76,1.153946974,0.815732523,0.614679639,2.34,-0.78,128,100,14.84,0.78,5.47,6.25,3.91,5.47,0.78,7.81,6.25,3.91,1.56,5.47,5.47,3.12,3.91,3.12,7.81,12.5,0.0,1.56,10.16,11.72,-1.56,21.88,5.47,5.39,0.51,0.016,0.252,-0.097,3.933,1.036
P0ABB4, A0A140NHS0,78,0.936937794,0.754307644,0.129201798,-1.3,-2.61,460,100,7.39,0.22,5.87,8.48,3.04,9.78,1.52,5.87,4.35,9.13,3.26,2.39,4.35,4.35,5.65,5.43,5.22,10.22,0.22,3.26,10.0,14.35,-4.35,24.35,6.52,4.89,0.487,0.043,0.162,-0.082,4.049,1.014
P61175, A0A140N2S3,82,1.356987043,1.815431684,2.393543454,2.73,4.55,110,100,11.82,0.0,8.18,3.64,0.91,3.64,3.64,8.18,11.82,7.27,2.73,2.73,1.82,1.82,9.09,6.36,5.45,10.0,0.0,0.91,20.91,11.82,9.09,32.73,1.82,10.72,0.461,0.091,0.043,-0.117,3.861,1.02
P0AE08, A0A140NC97,90,1.044583887,0.880060579,0.109300122,4.28,-0.53,187,100,10.16,1.07,7.49,8.02,5.88,6.95,2.67,6.95,7.49,5.88,1.6,2.67,4.28,2.67,3.21,4.81,7.49,6.42,1.6,2.67,10.7,15.51,-4.81,26.2,10.16,5.01,0.469,0.048,0.107,-0.077,4.121,1.005
P0A7S9, A0A140N5B4,99,1.465371833,1.208459634,1.720893947,-3.39,0.0,118,100,9.32,0.85,5.08,5.08,0.85,9.32,2.54,10.17,9.32,7.63,2.54,1.69,3.39,1.69,12.71,5.08,5.08,5.93,0.0,1.69,22.03,10.17,11.86,32.2,2.54,11.27,0.453,0.119,-0.008,-0.09,3.921,0.999
P60624, A0A140N5L7,112,1.216701664,0.80203916,1.102590721,9.62,-0.96,104,100,8.65,0.0,4.81,5.77,4.81,9.62,0.96,7.69,15.38,3.85,0.96,5.77,2.88,2.88,5.77,4.81,2.88,12.5,0.0,0.0,21.15,10.58,10.58,31.73,4.81,10.72,0.458,0.106,0.018,-0.083,3.802,1.016
P0ADY3, A0A140N3H4,71,1.308593575,1.117093825,1.004345497,-0.81,-0.81,123,100,5.69,1.63,4.07,4.88,2.44,9.76,0.81,9.76,8.94,6.5,3.25,4.88,4.07,2.44,9.76,4.88,4.07,11.38,0.0,0.81,18.7,8.94,9.76,27.64,3.25,11.19,0.486,0.098,0.104,-0.085,3.976,1.043
P0A858, A0A140NEL5,97,0.673445606,0.936042402,0.613719957,3.14,-4.31,255,100,17.65,1.18,3.92,8.24,2.35,8.63,3.14,7.45,6.27,6.67,2.75,3.53,2.75,4.31,3.14,4.31,3.53,7.45,0.78,1.96,9.41,12.16,-2.75,21.57,5.1,5.81,0.501,0.027,0.217,-0.107,3.995,0.983
P68679, A0A140N8B4,100,0.708144862,1.458099106,1.620384263,-7.04,-9.86,71,100,12.68,1.41,1.41,11.27,4.23,1.41,1.41,1.41,12.68,5.63,1.41,2.82,4.23,0.0,19.72,2.82,4.23,8.45,0.0,2.82,32.39,12.68,19.72,45.07,7.04,11.55,0.379,0.197,-0.293,-0.137,3.641,0.982
P0A6F5, A0A140NH65,95,0.986151569,0.791470005,0.192435405,3.28,-2.01,548,100,13.5,0.55,6.39,8.39,1.28,10.77,0.18,5.84,7.3,7.66,4.2,3.47,2.55,2.92,4.01,3.1,6.02,10.58,0.0,1.28,11.31,14.78,-3.47,26.09,2.55,4.83,0.499,0.035,0.204,-0.091,3.88,0.988
P0A850, A0A140NET2,88,1.211544811,1.029456815,1.353417337,2.08,-7.87,432,100,9.49,0.0,5.79,13.66,3.94,7.41,0.46,5.79,8.1,7.18,2.55,3.7,2.78,3.7,6.02,3.24,4.4,9.72,0.23,1.85,14.12,19.44,-5.32,33.56,6.02,4.81,0.452,0.053,0.056,-0.11,3.942,0.992
P09373, A0A140NBE7,31,1.183506666,0.858156072,0.702329751,1.58,0.66,760,100,8.42,0.66,6.97,6.32,3.95,7.5,1.84,5.79,6.58,8.16,4.21,4.61,3.95,3.95,5.0,4.74,6.32,5.66,0.92,4.47,11.58,13.29,-1.71,24.87,9.34,5.84,0.458,0.017,0.107,-0.074,4.168,0.988
P0C8J6, A0A140NA64,11,1.008949987,0.676782108,0.063741318,0.35,0.35,284,100,13.03,1.41,5.63,5.28,3.17,5.99,4.58,5.28,4.23,8.45,2.46,4.93,3.52,5.28,3.87,5.63,5.63,8.8,0.35,2.46,8.1,10.92,-2.82,19.01,5.99,6.15,0.49,0.028,0.185,-0.092,4.108,1.001
P0A7R1, A0A140NDV1,84,1.007619313,0.754501276,1.07435576,2.68,-6.04,149,100,16.11,0.0,3.36,9.4,4.03,7.38,1.34,4.7,7.38,8.05,0.67,5.37,2.01,2.68,4.7,4.03,4.7,13.42,0.0,0.67,12.08,12.75,-0.67,24.83,4.7,6.44,0.51,0.007,0.263,-0.124,3.801,1.02
P0ABK5, A0A140N5L9,77,0.906669652,0.819650104,0.939974248,3.1,-5.26,323,100,9.91,0.31,3.41,8.67,2.48,9.91,0.93,8.36,7.12,9.91,1.86,4.33,4.64,2.79,4.02,5.88,6.81,6.5,0.62,1.55,11.15,12.07,-0.93,23.22,4.64,5.95,0.491,0.009,0.208,-0.076,3.993,0.989
P0AB71, A0A140N821,70,1.016229194,0.855175177,1.431324907,5.29,-0.28,359,100,8.64,1.11,5.85,6.13,3.62,8.64,3.62,5.85,6.96,7.52,2.23,5.01,4.18,4.18,1.67,6.96,4.74,8.36,1.11,3.62,8.64,11.98,-3.34,20.61,8.36,5.68,0.475,0.033,0.139,-0.063,4.145,1.0
P0A7M2, A0A140N3L9,55,0.524531386,1.222566479,1.211986828,-5.13,-2.56,78,100,6.41,1.28,2.56,5.13,3.85,6.41,3.85,2.56,8.97,7.69,2.56,5.13,2.56,1.28,14.1,6.41,6.41,10.26,1.28,1.28,23.08,7.69,15.38,30.77,6.41,11.8,0.428,0.154,-0.113,-0.091,4.014,1.02
P69783, A0A140N9A4,114,0.814890785,0.823946695,0.74306342,8.28,-2.37,169,100,4.14,0.0,7.69,10.06,4.73,9.47,1.18,11.24,10.06,7.1,1.78,2.37,4.14,0.59,1.78,5.92,6.51,11.24,0.0,0.0,11.83,17.75,-5.92,29.59,4.73,4.71,0.506,0.059,0.2,-0.079,3.794,1.051
P0AFG8, A0A140NDL0,16,1.052503344,0.791176694,0.360755345,-0.11,-2.14,887,100,8.12,0.68,5.86,8.0,3.83,8.91,2.59,6.43,5.41,7.89,2.48,4.28,4.06,4.62,5.52,4.85,4.74,5.75,1.24,4.74,10.94,13.87,-2.93,24.8,9.81,5.54,0.451,0.029,0.077,-0.073,4.168,0.988
P0ABT2, A0A140NDN9,44,0.996228554,0.865689153,1.19003919,2.4,4.79,167,100,10.78,0.0,9.58,4.79,2.99,3.59,2.99,7.19,7.19,11.38,2.4,5.39,1.2,3.59,4.79,5.39,7.19,6.59,1.2,1.8,11.98,14.37,-2.4,26.35,5.99,5.91,0.476,0.024,0.151,-0.109,4.013,1.004
P0A7U7, A0A140NFU3,103,0.733512121,0.729277349,1.147668812,8.05,-1.15,87,100,21.84,0.0,2.3,3.45,2.3,2.3,3.45,8.05,16.09,3.45,4.6,6.9,1.15,5.75,8.05,4.6,2.3,2.3,0.0,1.15,24.14,5.75,18.39,29.89,3.45,11.58,0.422,0.184,-0.16,-0.134,3.676,0.93
P02358, A0A140NGG7,98,0.997517345,0.607184922,0.538112417,-4.44,-7.41,135,100,10.37,0.0,7.41,14.81,2.96,3.7,4.44,5.19,4.44,3.7,5.19,2.96,3.7,2.96,8.89,2.96,5.19,7.41,0.74,2.96,13.33,22.22,-8.89,35.56,6.67,4.9,0.408,0.089,-0.103,-0.108,4.01,0.972
P0A7T7, A0A140NGH1,64,0.772154605,1.050396065,1.349639596,-8.0,0.0,75,100,9.33,1.33,4.0,4.0,4.0,4.0,1.33,8.0,8.0,6.67,1.33,1.33,2.67,5.33,16.0,4.0,8.0,2.67,0.0,8.0,24.0,8.0,16.0,32.0,12.0,11.13,0.414,0.16,-0.158,-0.124,3.934,1.033
P0A6M8, A0A140N7C7,62,0.876683929,0.784370287,0.926896739,1.14,-2.84,704,100,9.52,0.43,5.97,8.81,3.41,8.38,2.13,7.1,6.25,6.11,3.27,3.84,4.69,3.41,5.11,4.12,5.4,8.52,0.85,2.7,11.36,14.77,-3.41,26.14,6.96,5.28,0.468,0.034,0.119,-0.08,4.112,0.999
P0C8J8, A0A140N6E5,7,0.792734328,0.496244598,0.148207253,-2.62,-3.57,420,100,10.95,1.9,4.52,8.1,3.57,5.48,3.33,7.86,3.33,7.62,2.38,2.86,4.29,5.0,5.95,5.48,5.0,7.14,1.19,4.05,9.29,12.62,-3.33,21.9,8.81,5.62,0.487,0.033,0.171,-0.107,4.163,1.025
P08200, A0A140NAN3,96,0.962790686,0.834118267,1.020264983,3.37,-2.4,416,100,9.13,1.44,6.01,8.41,2.4,9.62,1.2,8.89,7.45,7.45,3.12,3.61,4.81,2.64,4.09,3.12,4.33,7.21,1.44,3.61,11.54,14.42,-2.88,25.96,7.45,5.16,0.483,0.029,0.165,-0.08,4.101,1.004
P0AG51, A0A140N7G4,101,1.719821121,1.304808205,1.518883121,-1.69,-5.08,59,100,8.47,0.0,1.69,6.78,1.69,8.47,3.39,10.17,8.47,8.47,5.08,1.69,3.39,1.69,10.17,3.39,10.17,6.78,0.0,0.0,18.64,8.47,10.17,27.12,1.69,11.48,0.485,0.102,0.097,-0.11,3.853,1.033
P0A7T3, A0A140N7D8,109,1.204047161,1.353906614,1.551484822,-6.1,-1.22,82,100,13.41,0.0,4.88,6.1,4.88,7.32,2.44,7.32,6.1,4.88,1.22,4.88,2.44,2.44,12.2,3.66,3.66,9.76,1.22,1.22,18.29,10.98,7.32,29.27,7.32,11.05,0.463,0.073,0.066,-0.111,3.955,1.016
P02413, A0A140N711,64,1.230491102,1.040876683,1.816833136,-0.69,-4.86,144,100,10.42,0.0,1.39,6.25,2.78,18.06,0.69,6.94,9.03,8.33,1.39,2.08,2.78,2.08,9.72,4.86,6.25,6.25,0.0,0.69,18.75,7.64,11.11,26.39,3.47,11.45,0.472,0.111,0.053,-0.054,3.745,0.968
P06959, A0A140NE27,95,0.968793974,0.840532813,0.129042334,5.24,-3.97,630,100,15.24,0.16,5.24,9.21,3.02,8.1,0.79,7.14,8.41,5.24,2.7,2.7,5.87,2.38,3.17,4.6,4.29,10.79,0.48,0.48,11.59,14.44,-2.86,26.03,3.97,5.07,0.5,0.029,0.214,-0.089,3.892,0.987
P0A7V3, A0A140N4K1,75,1.898885465,1.595697728,1.81315665,0.86,-3.0,233,100,10.3,0.0,3.86,6.87,2.15,8.15,1.72,7.73,9.87,5.58,2.15,3.0,4.29,3.86,9.01,3.86,4.72,9.44,1.72,1.72,18.88,10.73,8.15,29.61,5.58,10.68,0.453,0.082,0.029,-0.099,4.019,1.009
P0A7V0, A0A140NFK2,77,1.269115309,0.981276359,1.178712039,2.49,0.41,241,100,10.37,0.41,7.05,6.64,4.98,7.05,2.49,5.81,7.88,8.71,3.32,4.98,2.9,2.9,5.39,4.56,5.39,7.05,1.24,0.83,13.28,13.69,-0.41,26.97,7.05,7.03,0.47,0.004,0.155,-0.087,4.093,0.985
P0A7J3, A0A140NDB6,75,0.963333623,0.808405001,1.262331709,0.0,-5.45,165,100,20.0,0.61,3.64,9.09,3.64,5.45,0.61,3.03,7.27,9.09,3.64,1.82,3.03,1.82,7.27,3.64,5.45,9.09,0.0,1.82,14.55,12.73,1.82,27.27,5.45,9.68,0.505,0.018,0.237,-0.135,3.821,0.984
P0AA10, A0A140N598,76,1.012574081,0.970292493,1.367968067,2.11,-0.7,142,100,9.86,0.0,4.93,5.63,2.11,8.45,4.93,5.63,9.86,6.34,2.82,2.82,4.23,2.82,7.75,0.0,8.45,8.45,0.7,4.23,17.61,10.56,7.04,28.17,7.04,10.29,0.44,0.07,0.004,-0.087,3.985,1.013
P05055, A0A140N5F4,74,1.085354733,0.832894153,0.11164822,-1.41,-2.53,711,100,10.27,0.14,5.91,8.44,2.67,8.86,1.55,7.31,4.78,7.17,2.95,2.81,4.36,4.5,6.19,4.36,5.77,9.85,0.28,1.83,10.97,14.35,-3.38,25.32,4.78,5.1,0.484,0.034,0.163,-0.09,4.028,1.005
P0AG86, A0A140N4G2,89,0.625819459,1.031149975,0.102497849,-0.65,-3.23,155,100,9.03,2.58,5.16,8.39,5.81,5.81,1.94,5.16,1.94,7.74,3.23,4.52,4.52,9.03,2.58,5.16,7.1,6.45,0.65,3.23,4.52,13.55,-9.03,18.06,9.68,4.2,0.479,0.09,0.093,-0.086,4.14,1.0
P0A7A9, A0A140NEF6,93,0.915524681,0.548436567,0.691560843,6.82,-0.57,176,100,9.09,1.14,7.95,8.52,3.41,5.11,2.84,5.68,9.09,8.52,2.27,3.98,7.39,1.14,2.27,4.55,2.27,9.09,1.14,4.55,11.36,16.48,-5.11,27.84,9.09,5.01,0.47,0.051,0.106,-0.073,4.067,0.992
P69441, A0A140NAW9,105,1.165192828,0.959425019,1.126239725,2.34,-0.47,214,100,8.88,0.47,7.94,8.41,2.34,9.35,1.4,6.54,8.41,7.48,2.8,1.87,4.67,3.74,6.07,2.34,5.14,8.88,0.0,3.27,14.49,16.36,-1.87,30.84,5.61,5.62,0.457,0.019,0.104,-0.08,4.007,0.99
P0A6B7, A0A140N9D5,37,1.122205935,0.986653428,0.385251683,-2.23,-2.72,404,100,8.17,0.74,5.45,8.17,2.48,8.42,3.22,7.67,4.7,8.91,3.96,3.71,3.22,2.97,6.93,6.44,4.46,6.19,0.99,3.22,11.63,13.61,-1.98,25.25,6.68,6.19,0.47,0.02,0.137,-0.086,4.133,0.998
P0A9P0, A0A140NBS3,79,1.05416119,0.854193974,1.249870918,5.06,-2.95,474,100,10.55,1.05,5.27,8.23,2.95,10.76,2.74,8.23,8.23,7.17,2.11,2.95,4.43,1.69,3.16,2.95,5.49,9.49,0.84,1.69,11.39,13.5,-2.11,24.89,5.49,5.99,0.499,0.021,0.217,-0.08,4.02,1.014
P0ABB0, A0A140ND72,61,1.244227602,0.842469353,0.150999817,-0.97,-0.58,513,100,11.31,0.78,5.46,6.04,2.73,9.36,1.36,7.8,4.68,8.97,1.95,3.12,3.51,5.46,5.65,6.24,4.48,7.8,0.19,3.12,10.33,11.5,-1.17,21.83,6.04,5.96,0.495,0.012,0.216,-0.089,4.046,1.002
P0A763, A0A140N7A5,65,1.27938975,0.757055377,0.107226818,-2.8,-4.2,143,100,12.59,0.7,4.2,8.39,6.99,9.79,2.8,5.59,3.5,6.29,2.1,4.9,3.5,1.4,6.29,4.9,6.29,7.69,0.0,2.1,9.79,12.59,-2.8,22.38,9.09,5.67,0.491,0.028,0.188,-0.077,4.015,1.0
P69908, A0A140N3Z8,62,0.8674271,0.952249424,1.053113579,-0.43,1.72,466,100,8.8,2.15,7.73,6.01,5.15,7.73,1.93,5.79,5.15,8.8,3.22,3.43,5.36,4.29,5.58,3.86,4.08,5.15,2.36,3.43,10.73,13.73,-3.0,24.46,10.94,5.27,0.469,0.03,0.125,-0.07,4.204,0.983
P0AG67, A0A140NBA5,87,0.961186383,0.781566811,0.789019199,2.33,-3.23,557,100,8.62,0.36,7.54,10.77,3.05,8.62,1.44,5.39,7.72,8.08,1.08,4.31,1.8,2.51,5.39,4.49,4.49,12.03,1.26,1.08,13.11,18.31,-5.21,31.42,5.39,4.87,0.467,0.052,0.096,-0.097,3.963,1.01
P36683, A0A140NFP9,90,1.130850643,0.727940437,0.112768714,1.16,-0.23,865,100,11.21,1.16,6.36,6.59,3.35,8.79,1.73,5.43,5.66,10.17,2.66,3.58,6.24,2.89,4.51,4.16,5.43,6.71,0.92,2.43,10.17,12.95,-2.77,23.12,6.71,5.28,0.487,0.028,0.177,-0.064,4.096,0.97
P0A7L3, A0A140NBS1,100,0.910356119,2.153654005,2.431353936,-1.69,1.69,118,100,18.64,0.0,3.39,1.69,4.24,5.08,0.85,8.47,11.86,5.08,0.85,2.54,0.0,5.93,13.56,3.39,0.85,7.63,0.85,5.08,25.42,5.08,20.34,30.51,10.17,11.64,0.463,0.203,-0.066,-0.165,3.682,1.033
P0AG59, A0A140N7K8,112,0.735713987,0.997423162,0.855617693,-2.97,0.0,101,100,11.88,0.99,4.95,4.95,2.97,4.95,0.99,3.96,10.89,7.92,2.97,2.97,3.96,3.96,13.86,7.92,1.98,4.95,1.98,0.99,24.75,9.9,14.85,34.65,5.94,11.56,0.412,0.149,-0.153,-0.094,3.974,0.94
P0AD49, A0A140N730,98,1.096103021,0.637091773,1.058747913,3.54,-7.08,113,100,9.73,0.0,3.54,10.62,1.77,3.54,4.42,7.96,7.96,7.96,3.54,7.08,3.54,5.31,4.42,3.54,7.08,6.19,0.88,0.88,12.39,14.16,-1.77,26.55,3.54,6.52,0.441,0.018,0.058,-0.109,4.032,0.983
P0A7K6, A0A140N6T7,101,0.928027026,0.941149258,1.004280596,-1.74,-5.22,115,100,6.09,0.0,2.61,7.83,3.48,6.96,1.74,6.09,9.57,5.22,1.74,3.48,2.61,5.22,11.3,6.96,3.48,13.04,0.87,1.74,20.87,10.43,10.43,31.3,6.09,11.04,0.441,0.104,-0.026,-0.114,3.966,1.044
P0A870, A0A140NDV9,85,1.117942867,0.86997329,1.240034384,1.89,-1.26,317,100,12.3,0.95,6.62,7.89,2.21,5.36,0.63,8.2,6.94,10.41,1.58,3.47,3.15,4.73,5.05,5.05,5.36,5.05,1.26,3.79,11.99,14.51,-2.52,26.5,7.26,5.09,0.477,0.025,0.151,-0.111,4.046,0.992
P60422, A0A140N7J1,100,1.732123011,1.48292214,1.520901802,-1.47,-0.37,273,100,7.69,0.73,3.66,4.03,1.47,12.45,3.3,4.03,9.16,5.49,2.2,5.49,6.23,2.2,10.62,3.66,5.13,9.52,0.73,2.2,19.78,7.69,12.09,27.47,4.4,11.32,0.422,0.121,-0.096,-0.033,4.012,0.967
P0AG44, A0A140N4M0,77,1.63449692,1.638228869,3.940043559,-7.87,-3.94,127,100,13.39,0.79,3.15,7.09,3.94,5.51,2.36,4.72,6.3,8.66,3.15,5.51,3.15,1.57,14.17,5.51,4.72,4.72,0.0,1.57,20.47,10.24,10.24,30.71,5.51,11.41,0.437,0.102,-0.036,-0.101,3.957,0.96
P0A7D4, A0A140NEK1,41,0.859738316,0.82869999,0.82757851,-1.39,0.46,432,100,7.41,0.93,7.18,6.71,2.78,10.65,1.39,4.63,5.09,10.19,2.31,3.01,3.94,2.31,6.48,3.7,7.64,9.03,0.93,3.7,11.57,13.89,-2.31,25.46,7.41,5.36,0.478,0.023,0.157,-0.067,4.063,1.008
P0A6Q3, A0A140NBN5,66,1.06018229,0.819549001,1.049298283,1.16,1.74,172,100,5.81,1.16,6.98,5.23,5.81,13.95,1.16,3.49,6.4,11.63,4.65,2.33,4.07,2.33,5.23,2.33,4.65,8.14,1.74,2.91,11.63,12.21,-0.58,23.84,10.47,6.42,0.499,0.006,0.232,-0.058,4.043,0.999
P0A7W7, A0A140N537,86,1.090886607,0.794765668,0.880555934,3.08,-2.31,130,100,10.77,0.77,4.62,6.92,2.31,8.46,0.0,6.92,9.23,7.69,4.62,2.31,3.85,3.85,6.15,5.38,4.62,9.23,0.0,2.31,15.38,11.54,3.85,26.92,4.62,10.02,0.489,0.038,0.172,-0.099,3.981,1.005
P0AGE9, A0A140N9G2,70,0.909309664,0.839881443,1.084473709,5.88,-2.42,289,100,10.03,1.73,3.81,6.23,2.77,14.19,2.08,10.38,7.61,4.84,2.42,1.38,5.19,2.42,1.73,3.81,9.0,8.3,0.0,2.08,9.34,10.03,-0.69,19.38,4.84,6.67,0.518,0.007,0.285,-0.055,3.93,1.028
P0AEK4, A0A140NA83,49,1.189509816,0.963042891,1.022608578,0.0,-0.38,262,100,13.74,1.53,5.34,5.73,4.58,9.54,1.91,6.11,4.58,8.4,3.82,3.82,2.67,1.91,4.58,7.63,3.44,7.63,0.38,2.67,9.16,11.07,-1.91,20.23,7.63,5.71,0.518,0.019,0.273,-0.085,4.05,0.998
P0AA25, A0A140SSC0,89,0.967810231,0.680620107,0.709546664,8.26,5.5,109,100,11.01,1.83,10.09,4.59,3.67,8.26,0.92,8.26,9.17,11.93,1.83,3.67,4.59,2.75,0.92,2.75,5.5,4.59,1.83,1.83,10.09,14.68,-4.59,24.77,7.34,4.65,0.503,0.046,0.203,-0.071,3.986,0.977
P0A8M3, A0A140N7E6,23,1.11604658,0.857623473,0.085817806,-0.47,-2.18,642,100,6.39,2.02,6.7,8.88,3.89,6.7,3.58,5.76,6.23,8.26,3.58,3.89,3.58,3.58,6.7,4.67,3.74,6.39,1.71,3.74,12.93,15.58,-2.65,28.5,9.35,6.01,0.445,0.026,0.062,-0.086,4.213,0.997
P0A8G6, A0A140N993,77,1.377535612,0.825220319,0.116739493,0.0,-2.53,198,100,11.11,0.0,3.03,5.56,3.03,13.64,1.52,4.04,3.54,6.57,3.54,1.01,4.55,6.06,3.54,6.06,9.6,8.08,1.01,4.55,7.07,8.59,-1.52,15.66,8.59,5.73,0.491,0.015,0.201,-0.056,3.977,0.998
P0A7J7, A0A140NF32,105,1.126973841,0.839191812,0.770967474,7.75,0.0,142,100,14.08,0.7,4.23,4.23,2.82,8.45,0.0,6.34,10.56,4.93,4.23,2.82,6.34,4.93,2.82,5.63,6.34,9.15,0.0,1.41,13.38,8.45,4.93,21.83,4.23,10.19,0.493,0.049,0.173,-0.072,3.927,0.982
P0ACD4, A0A140N923,97,1.053667421,0.642637287,0.436746428,7.03,-1.56,128,100,11.72,2.34,7.81,9.38,1.56,7.03,1.56,8.59,9.38,4.69,2.34,5.47,3.12,1.56,2.34,7.81,2.34,7.03,0.78,3.12,11.72,17.19,-5.47,28.91,5.47,4.8,0.461,0.055,0.077,-0.074,4.013,0.976
P0A853, A0A140NGF8,11,1.236816164,0.910205546,0.216460237,1.06,-1.91,471,100,9.34,1.49,5.31,7.22,4.88,7.86,1.7,6.16,6.16,7.64,3.4,3.18,4.25,4.25,5.1,4.03,5.73,6.58,0.42,5.31,11.25,12.53,-1.27,23.78,10.62,6.07,0.476,0.013,0.162,-0.087,4.158,1.012
P0A836, A0A140NBF4,68,0.97758151,0.83904776,1.195284667,1.8,-1.8,388,100,12.11,1.29,5.41,7.22,2.84,11.08,1.29,5.93,6.19,9.79,2.06,4.12,3.61,4.38,4.38,2.06,3.87,9.79,0.77,1.8,10.57,12.63,-2.06,23.2,5.41,5.41,0.503,0.021,0.228,-0.088,4.005,0.995
P0A7X3, A0A140N2Z9,113,1.753515155,1.370164571,1.905336495,-6.92,-3.85,130,100,7.69,0.0,3.08,6.92,3.08,10.0,0.77,5.38,7.69,6.92,3.08,2.31,2.31,5.38,14.62,5.38,3.85,7.69,0.0,3.85,22.31,10.0,12.31,32.31,6.92,11.21,0.424,0.123,-0.094,-0.099,3.936,0.996
P0A7L8, A0A140N340,34,1.512748379,0.799488728,2.145760108,3.53,-2.35,85,100,10.59,1.18,3.53,5.88,5.88,15.29,3.53,4.71,12.94,3.53,1.18,3.53,1.18,1.18,9.41,5.88,3.53,7.06,0.0,0.0,22.35,9.41,12.94,31.76,5.88,11.29,0.429,0.129,-0.085,-0.049,3.812,0.96
P0ADZ4, A0A140N811,129,1.518719924,0.841485853,0.565153205,-5.62,0.0,89,100,7.87,0.0,5.62,5.62,2.25,5.62,5.62,3.37,6.74,13.48,2.25,2.25,0.0,5.62,12.36,6.74,6.74,5.62,0.0,2.25,19.1,11.24,7.87,30.34,4.49,10.88,0.425,0.079,-0.045,-0.115,3.895,0.986
P0A9Q7, A0A140NCE4,46,1.007001334,0.71287797,0.088689516,3.7,-0.45,891,100,13.58,1.01,5.61,6.06,3.48,6.96,2.24,6.73,7.3,8.08,2.36,3.82,4.6,2.69,3.59,5.61,5.5,7.07,0.56,3.14,10.89,11.67,-0.79,22.56,7.18,6.63,0.493,0.008,0.213,-0.085,4.083,0.993
P23869, A0A140ND10,64,1.112102758,0.788268811,1.28781477,3.66,0.61,164,100,6.1,1.22,6.71,6.1,7.32,9.76,3.05,6.1,6.71,3.05,3.66,7.32,3.05,3.66,3.05,3.66,7.32,9.76,0.61,1.83,9.76,12.8,-3.05,22.56,9.76,5.61,0.465,0.03,0.115,-0.054,4.11,1.023
P0C0L2, A0A140NAD7,101,0.768009072,1.186940882,1.969836569,6.99,-0.7,143,100,11.19,1.4,5.59,6.29,4.2,10.49,2.1,6.99,8.39,6.99,2.1,2.1,3.5,4.2,1.4,6.99,8.39,5.59,0.7,1.4,9.79,11.89,-2.1,21.68,6.29,5.71,0.486,0.021,0.183,-0.062,4.029,0.984
P0AC69, A0A140N9X9,91,1.086247899,0.913568271,0.201372249,2.61,-5.22,115,100,10.43,2.61,4.35,9.57,2.61,6.09,0.0,7.83,6.09,8.7,2.61,2.61,6.96,7.83,3.48,4.35,3.48,4.35,1.74,4.35,9.57,13.91,-4.35,23.48,8.7,4.66,0.47,0.043,0.114,-0.091,4.079,0.974
P0AFF6, A0A140N7D6,99,1.216719362,0.834416896,0.079378342,-1.62,-2.83,495,100,11.72,0.61,8.48,11.31,2.83,5.66,0.81,6.67,5.05,8.69,2.02,3.84,2.83,3.84,6.67,3.03,4.85,9.09,0.81,1.21,11.72,19.8,-8.08,31.52,4.85,4.48,0.469,0.081,0.075,-0.113,3.978,0.99
P69797, A0A140NBF2,94,1.138130449,0.860772306,0.294433588,3.41,-0.93,323,100,11.46,0.0,6.19,7.12,2.17,6.81,1.24,5.88,7.74,7.74,3.41,4.33,5.26,2.17,4.33,2.79,6.81,11.76,1.24,1.55,12.07,13.31,-1.24,25.39,4.95,5.88,0.494,0.012,0.211,-0.092,3.997,1.014
P0A817, A0A140N627,48,0.745915547,0.204684623,0.064347286,0.52,0.26,384,100,9.9,1.04,7.03,6.77,3.39,8.85,2.34,6.77,5.21,7.29,2.6,1.82,4.69,4.43,4.69,5.21,6.25,7.55,1.04,3.12,9.9,13.8,-3.91,23.7,7.55,5.11,0.479,0.039,0.144,-0.074,4.127,1.0
P0ABP8, A0A140NC56,109,1.068288206,0.976321256,1.113144109,0.84,2.09,239,100,10.88,1.67,7.95,5.86,5.02,9.62,2.51,7.53,5.86,6.28,5.02,2.93,2.51,0.84,5.02,3.77,5.86,8.37,0.0,2.51,10.88,13.81,-2.93,24.69,7.53,5.47,0.508,0.029,0.234,-0.084,4.048,1.023
P0A953, A0A140N9G9,13,1.151033089,1.0074933,1.107839653,-0.25,-1.23,406,100,11.82,1.48,4.93,6.16,3.2,12.07,2.46,5.91,3.94,6.65,4.19,3.2,2.96,2.71,4.19,7.88,5.67,7.64,0.49,2.46,8.13,11.08,-2.96,19.21,6.16,5.41,0.501,0.03,0.214,-0.061,4.069,0.99
P0AA04, A0A140N9D3,88,1.131414201,1.061504584,1.25714811,7.06,-9.41,85,100,10.59,0.0,1.18,10.59,4.71,7.06,2.35,3.53,8.24,9.41,2.35,2.35,2.35,7.06,1.18,7.06,11.76,8.24,0.0,0.0,9.41,11.76,-2.35,21.18,4.71,5.74,0.482,0.024,0.167,-0.105,3.811,1.001
P0AD61, A0A140N9V8,109,1.248775088,0.855108947,1.312523873,2.77,-1.7,470,100,8.72,1.28,5.74,7.45,2.55,8.51,1.7,7.02,7.23,8.51,3.83,5.11,2.55,2.55,4.47,5.11,7.23,9.36,0.0,1.06,11.7,13.19,-1.49,24.89,3.62,5.93,0.491,0.015,0.201,-0.086,4.039,1.013
P12758, A0A140SSB0,81,0.746203908,0.869852379,0.819873008,-1.19,-2.37,253,100,11.07,1.19,4.35,6.72,3.16,8.3,2.77,5.14,3.95,7.91,3.56,1.98,3.95,3.56,5.14,6.32,9.09,9.49,0.79,1.58,9.09,11.07,-1.98,20.16,5.53,6.04,0.502,0.02,0.228,-0.086,4.075,1.02
P0A8P3, A0A140N8L5,108,1.07876468,0.807080586,1.468530555,5.49,-12.09,91,100,4.4,1.1,2.2,14.29,5.49,5.49,3.3,5.49,9.89,8.79,5.49,5.49,2.2,7.69,4.4,2.2,4.4,2.2,2.2,3.3,14.29,16.48,-2.2,30.77,10.99,6.16,0.405,0.022,-0.046,-0.114,4.07,0.97
P0ADY7, A0A140N6Z2,90,1.564617354,1.009412837,1.953074046,1.47,-2.94,136,100,10.29,0.0,2.21,5.15,4.41,9.56,0.74,4.41,11.76,7.35,4.41,1.47,5.15,3.68,10.29,1.47,6.62,8.09,1.47,1.47,22.06,7.35,14.71,29.41,7.35,11.49,0.457,0.147,-0.024,-0.095,3.935,0.995
P23721, A0A140NDI4,17,1.376594124,0.987056405,1.503645127,1.1,1.66,362,100,11.33,1.1,6.91,5.25,4.97,8.01,1.66,5.25,5.52,8.29,3.04,5.52,4.14,3.04,4.42,5.52,3.31,7.73,1.38,3.59,9.94,12.15,-2.21,22.1,9.94,5.43,0.487,0.022,0.184,-0.074,4.137,0.991
P0AG48, A0A140N5D7,56,0.699982392,0.922279619,0.856483213,1.94,-5.83,103,100,6.8,0.0,2.91,8.74,4.85,11.65,3.88,6.8,9.71,2.91,1.94,0.97,0.97,5.83,7.77,2.91,4.85,13.59,0.97,1.94,17.48,11.65,5.83,29.13,7.77,10.32,0.459,0.058,0.069,-0.114,3.906,1.066
P0A867, A0A140N991,18,1.022783,0.968435906,1.289098679,1.27,-2.85,316,100,9.81,1.27,5.7,8.54,3.48,5.06,2.22,6.33,6.96,9.81,1.58,2.85,4.43,5.38,5.7,5.38,4.11,6.96,1.27,3.16,12.66,14.24,-1.58,26.9,7.91,6.1,0.465,0.016,0.128,-0.104,4.127,0.997
P0A6F1, A0A140NFT4,60,1.025556163,0.851443431,0.369591455,1.05,1.31,382,100,10.21,1.05,6.54,5.24,4.19,8.64,3.93,6.02,5.24,9.42,1.83,4.19,5.24,3.66,4.19,4.71,7.07,6.02,0.52,2.09,9.42,11.78,-2.36,21.2,6.81,6.18,0.478,0.024,0.156,-0.059,4.119,0.979
P0A805, A0A140NAU7,110,0.902204082,0.780116286,1.170141866,-0.54,2.7,185,100,10.27,0.54,10.27,7.57,1.62,3.24,0.0,6.49,8.65,8.11,2.7,2.7,4.32,3.24,9.19,7.03,4.86,8.11,0.0,1.08,17.84,17.84,0.0,35.68,2.7,7.42,0.441,0.0,0.076,-0.094,3.909,0.969
P0A717, A0A140NCS9,9,2.06358254,1.19739571,0.318440311,-5.4,3.81,315,100,10.48,1.27,8.25,4.44,3.49,6.35,1.27,7.94,2.54,8.25,3.17,5.4,4.13,2.54,7.94,6.03,4.44,10.79,0.0,1.27,10.48,12.7,-2.22,23.17,4.76,5.27,0.511,0.022,0.249,-0.088,4.011,1.024
P0A8F0, A0A140N751,108,1.075608388,0.720437289,0.875374246,4.33,-3.37,208,100,7.69,0.48,5.29,8.65,1.44,9.13,1.92,8.65,7.69,10.58,3.37,2.4,4.81,1.92,3.37,4.81,5.29,9.62,0.48,2.4,11.06,13.94,-2.88,25.0,4.33,5.37,0.508,0.029,0.235,-0.091,4.002,1.024
P0A8E7, A0A140NFC6,97,0.979928675,0.762304527,1.683905766,3.07,1.23,163,100,6.75,0.0,8.59,7.36,5.52,5.52,0.61,6.13,9.2,7.98,2.45,4.29,1.84,6.75,6.13,8.59,2.45,9.2,0.61,0.0,15.34,15.95,-0.61,31.29,6.13,6.09,0.45,0.006,0.095,-0.097,3.944,0.989
P0AEK2, A0A140ND23,93,1.931150135,1.214974747,2.289459353,-2.05,-2.05,244,100,14.34,0.0,4.1,6.15,2.46,11.89,0.82,8.2,4.1,7.38,4.51,5.74,1.23,2.05,6.15,5.74,5.74,7.38,0.41,1.64,10.25,10.25,0.0,20.49,4.51,7.9,0.511,0.0,0.272,-0.088,3.913,0.994
P22259, A0A140N510,59,1.199103184,0.934913692,1.639995915,2.04,1.48,540,100,8.33,0.93,7.04,5.56,5.19,8.7,1.67,5.0,6.3,8.52,2.04,5.0,5.0,2.78,4.26,4.63,8.33,5.93,1.67,3.15,10.56,12.59,-2.04,23.15,10.0,5.52,0.465,0.02,0.124,-0.052,4.144,0.986
P0A715, A0A140N8Q6,30,1.071116233,0.709600552,0.598564263,4.23,1.41,284,100,9.15,1.41,6.69,5.28,5.63,8.8,2.11,5.63,7.75,8.1,3.52,3.52,5.28,4.58,3.52,4.93,2.82,9.86,0.0,1.41,11.27,11.97,-0.7,23.24,7.04,6.67,0.497,0.007,0.226,-0.072,4.074,0.998
P0A7S3, A0A140N4H3,84,1.30971181,1.141586572,0.978269198,-1.61,-0.81,124,100,7.26,3.23,2.42,3.23,0.81,8.87,2.42,2.42,10.48,6.45,0.81,4.03,5.65,3.23,12.1,4.84,6.45,12.1,0.0,3.23,22.58,5.65,16.94,28.23,4.03,11.66,0.431,0.169,-0.121,-0.061,3.947,1.012
P0ACA3, A0A140N4S7,51,0.936035608,0.721942578,0.576758394,-3.77,-4.25,212,100,7.08,0.47,5.19,9.43,4.25,4.72,1.89,5.19,3.77,11.79,3.77,2.83,7.08,2.83,7.55,7.08,3.77,6.13,1.42,3.77,11.32,14.62,-3.3,25.94,9.43,5.26,0.471,0.033,0.126,-0.087,4.105,0.987
P0ACJ0, A0A140NAS5,37,1.1708067,0.985995133,1.333748292,-3.66,-0.61,164,100,3.05,1.22,6.71,7.32,3.05,5.49,1.22,4.27,6.1,14.02,1.83,4.88,4.27,4.27,9.76,4.88,5.49,9.15,0.0,3.05,15.85,14.02,1.83,29.88,6.1,9.64,0.453,0.018,0.093,-0.091,4.013,1.011
P13029, A0A140NF66,84,0.821152889,0.673543753,0.105016978,-0.83,1.52,726,100,10.61,0.14,7.58,6.06,4.96,8.95,1.79,3.86,4.82,8.68,1.79,3.86,5.51,3.31,5.65,6.06,5.37,5.92,3.03,2.07,10.47,13.64,-3.17,24.1,10.06,5.16,0.459,0.032,0.095,-0.052,4.106,0.955
P0ABA6, A0A140NF41,49,1.310771102,0.795087978,0.188119379,3.48,0.7,287,100,9.41,0.7,5.92,5.23,1.39,6.97,1.39,4.53,8.01,10.1,4.53,4.18,3.14,4.88,4.53,7.32,4.53,8.71,0.7,3.83,12.54,11.15,1.39,23.69,5.92,9.37,0.475,0.014,0.157,-0.089,4.083,0.993
P0A6T1, A0A140NCD7,115,0.986743,1.044922324,0.988586281,3.28,0.0,549,100,8.74,0.36,6.01,6.01,6.01,7.1,3.28,6.01,6.56,8.38,2.55,6.01,3.46,3.64,3.28,5.28,6.56,6.01,1.82,2.91,9.84,12.02,-2.19,21.86,10.75,6.1,0.47,0.022,0.137,-0.076,4.164,1.001
P27302, A0A140N810,32,1.08744467,0.752305482,0.830082738,1.06,-1.96,663,100,13.42,0.75,5.28,7.24,3.92,8.75,2.71,4.83,5.28,7.54,3.32,3.32,4.52,3.47,4.22,5.58,4.98,5.73,1.66,3.47,9.5,12.52,-3.02,22.02,9.05,5.51,0.475,0.03,0.141,-0.074,4.128,0.968
P08839, A0A140N9N5,90,0.975577774,0.893900247,0.299289348,0.7,-3.65,575,100,10.96,0.7,6.78,10.43,3.13,6.26,1.39,8.87,6.09,10.09,3.13,2.96,2.61,3.65,5.39,4.52,5.04,6.09,0.35,1.57,11.48,17.22,-5.74,28.7,5.04,4.76,0.487,0.057,0.147,-0.115,4.018,0.995
P0A7R9, A0A140N7L9,81,1.484111216,1.163870422,2.20543935,-3.88,0.0,129,100,13.18,1.55,3.1,3.1,3.1,10.08,2.33,6.98,6.98,2.33,1.55,5.43,6.2,2.33,10.85,4.65,6.98,7.75,0.78,0.78,17.83,6.2,11.63,24.03,4.65,11.78,0.45,0.116,-0.013,-0.048,3.979,0.978
P0A9T0, A0A140N6P6,61,1.097853516,1.042234181,0.7506927,1.95,-1.95,410,100,10.98,0.98,4.63,6.59,3.17,8.29,3.17,6.83,5.61,11.95,2.2,5.12,4.15,3.17,3.66,5.85,4.39,6.83,0.24,2.2,9.27,11.22,-1.95,20.49,5.61,6.18,0.503,0.02,0.23,-0.083,4.064,0.989
P0ABH7, A0A140NC10,22,0.98806189,0.684787079,1.052369038,-0.23,0.23,427,100,8.67,1.64,6.32,6.09,5.15,6.56,3.51,6.56,5.39,8.2,4.45,3.98,4.45,1.87,5.62,5.85,6.56,4.68,0.7,3.75,11.01,12.41,-1.41,23.42,9.6,6.51,0.474,0.014,0.156,-0.073,4.187,1.0
P0A9Q9, A0A140N4Y5,19,1.190076656,0.867331722,0.339796543,-2.18,1.36,367,100,8.17,1.09,6.27,4.9,3.27,9.54,1.36,5.45,3.54,11.17,3.27,3.81,4.36,4.09,5.72,5.72,7.08,7.63,2.18,1.36,9.26,11.17,-1.91,20.44,6.81,5.42,0.497,0.019,0.213,-0.069,4.11,0.998
P0AFG0, A0A140NHL8,73,1.156225085,0.615259874,0.415657154,-2.21,-3.87,181,100,4.97,0.0,5.52,9.39,6.08,7.73,1.66,3.31,6.08,4.97,4.42,2.76,6.08,3.31,8.29,6.63,2.76,13.26,1.1,1.66,14.36,14.92,-0.55,29.28,8.84,6.71,0.457,0.006,0.115,-0.075,4.027,1.015
P0A6Q6, A0A140NFC7,28,1.012885987,0.773830663,0.979459729,-1.99,-5.96,151,100,7.28,1.32,3.31,9.27,8.61,7.95,1.99,4.64,5.3,9.93,3.97,1.99,5.96,2.65,7.28,1.99,5.96,9.27,0.0,1.32,12.58,12.58,0.0,25.17,9.93,8.05,0.506,0.0,0.258,-0.099,4.016,1.031
P0A9X4, A0A140N582,63,0.767096322,0.374024909,0.105922362,-4.03,-4.03,347,100,9.51,0.86,4.32,8.36,2.88,11.24,1.44,7.2,2.88,8.07,3.75,3.46,4.61,2.59,6.92,6.34,4.03,10.09,0.0,1.44,9.8,12.68,-2.88,22.48,4.32,5.19,0.506,0.029,0.23,-0.075,3.995,1.005
P0A9D8, A0A140NDW9,41,1.102273105,0.84393228,1.21457154,-1.09,-1.82,274,100,8.76,1.09,5.11,6.93,2.92,9.49,1.09,8.03,4.74,5.47,1.82,4.38,3.28,4.38,5.84,5.11,5.11,12.04,1.09,3.28,10.58,12.04,-1.46,22.63,7.3,5.61,0.494,0.015,0.21,-0.091,4.079,1.049
P0A6A3, A0A140N7M5,113,0.936749509,0.898961933,0.455210344,2.0,-2.5,400,100,10.5,1.5,4.75,7.25,3.25,9.0,3.75,6.25,5.75,10.5,2.5,4.5,3.0,2.0,3.75,6.25,5.25,6.75,0.25,3.25,9.5,12.0,-2.5,21.5,6.75,6.09,0.495,0.025,0.202,-0.081,4.089,0.999
P15288, A0A140NDB1,88,0.882304776,0.77816226,1.346977237,2.89,-1.44,485,100,8.66,0.82,5.98,7.42,2.68,8.66,3.3,6.39,5.98,11.13,2.47,5.36,4.74,2.89,3.09,4.54,5.36,7.22,1.24,2.06,9.07,13.4,-4.33,22.47,5.98,5.26,0.484,0.043,0.153,-0.07,4.107,0.985
P67910, A0A140N6M4,26,1.121869672,0.782037671,0.099208115,2.26,-0.65,310,100,8.06,0.65,6.77,7.42,6.77,9.03,1.61,5.48,5.81,7.74,2.26,6.13,2.58,2.9,3.55,5.16,4.52,6.45,0.97,6.13,9.35,14.19,-4.84,23.55,13.87,4.79,0.468,0.048,0.105,-0.073,4.123,1.008
P0A7D7, A0A140N6N3,50,1.244243666,0.760348397,0.210581441,2.53,-1.27,237,100,6.33,1.27,8.02,9.28,5.06,7.17,0.42,2.95,8.44,12.66,3.8,4.64,2.95,2.53,5.91,4.22,3.38,7.17,0.84,2.95,14.35,17.3,-2.95,31.65,8.86,5.01,0.459,0.03,0.098,-0.088,4.043,0.976
P0A9Q1, A0A140NGG3,90,0.832117163,0.830593351,0.70834634,-3.78,-3.78,238,100,4.62,0.84,6.72,10.5,3.78,6.72,2.52,7.98,4.62,10.92,2.94,5.04,4.2,2.1,8.4,4.62,6.3,4.2,0.42,2.52,13.03,17.23,-4.2,30.25,6.72,5.23,0.446,0.042,0.049,-0.079,4.078,0.986
P63284, A0A140N6A5,75,1.039353901,0.733957194,0.092493676,-2.57,-3.62,857,100,9.22,0.35,6.07,9.68,2.22,7.35,1.98,6.42,5.13,11.9,2.45,3.5,3.27,5.72,7.7,4.55,3.73,6.53,0.23,1.98,12.84,15.75,-2.92,28.59,4.43,5.41,0.46,0.029,0.102,-0.103,4.02,0.972
P0A707, A0A140N9R4,114,1.252143099,0.832737311,1.060718668,3.33,-7.78,180,100,5.56,0.56,3.89,11.67,2.78,7.78,0.56,6.67,11.67,8.33,3.33,2.22,3.89,6.67,8.33,3.89,2.78,7.78,0.0,1.67,20.0,15.56,4.44,35.56,4.44,10.04,0.425,0.044,-0.01,-0.106,3.947,0.98
P0A9A6, A0A140NFM6,80,0.749414768,0.38779981,0.023702637,-0.26,0.52,383,100,12.27,0.0,7.31,6.79,3.39,10.97,0.78,5.74,4.44,7.57,4.18,4.18,3.92,3.66,4.7,3.13,6.27,9.92,0.0,0.78,9.14,14.1,-4.96,23.24,4.18,4.6,0.499,0.05,0.19,-0.072,3.939,0.982
P0A6K6, A0A140NEF7,101,0.93721737,0.768580737,0.88445315,1.23,0.49,407,100,9.09,1.47,7.62,7.13,4.91,11.3,3.69,5.41,5.41,8.6,2.21,3.44,4.18,1.72,4.18,4.18,6.14,5.41,1.23,2.7,9.58,14.74,-5.16,24.32,8.85,5.14,0.47,0.052,0.106,-0.048,4.12,0.974
P0ADG7, A0A140N7B7,49,1.071382009,0.813752777,0.120369586,-1.84,-3.48,488,100,10.45,1.02,4.71,8.2,1.84,10.66,2.05,6.56,4.92,7.58,2.66,2.25,3.28,3.07,6.76,5.53,6.76,9.84,0.0,1.84,11.68,12.91,-1.23,24.59,3.69,6.26,0.489,0.012,0.199,-0.084,4.002,1.01
P0AAI9, A0A140NCU1,80,0.952663472,1.521377368,1.721230445,1.94,-3.24,309,100,17.48,1.62,3.56,6.8,2.59,7.77,1.29,2.91,4.53,8.41,3.56,2.91,5.5,5.18,2.59,4.53,5.18,10.03,1.29,2.27,7.12,10.36,-3.24,17.48,6.15,4.93,0.517,0.032,0.257,-0.094,3.995,0.981
P0A955, A0A140NB38,78,1.230037237,0.756406602,1.153840674,2.82,-4.69,213,100,14.08,1.41,2.82,7.51,2.82,9.39,0.47,6.1,6.1,10.33,1.88,1.88,6.57,2.35,3.29,4.23,6.1,9.86,0.94,1.88,9.39,10.33,-0.94,19.72,5.63,5.6,0.536,0.009,0.332,-0.09,3.945,1.01
P0A8L1, A0A140NBF5,28,0.915413851,0.874482384,0.560901802,-2.79,-2.33,430,100,8.14,1.16,6.74,9.07,2.79,6.98,2.33,4.19,4.88,10.7,3.26,3.95,4.42,3.95,7.67,4.19,5.12,6.98,0.7,2.79,12.56,15.81,-3.26,28.37,6.28,5.39,0.45,0.033,0.07,-0.082,4.119,0.972
P63224, A0A140NFF3,92,1.290906561,0.746756498,1.605193441,0.52,-0.52,192,100,11.46,1.56,6.25,6.77,3.65,9.9,3.65,10.42,5.73,6.77,2.6,5.21,1.56,2.08,5.21,5.21,3.12,6.25,0.0,2.6,10.94,13.02,-2.08,23.96,6.25,6.24,0.493,0.021,0.201,-0.088,4.039,1.008
P0AGD3, A0A140NBF0,78,0.875236038,0.948342151,1.259845187,3.63,-2.59,193,100,13.99,0.52,3.63,6.22,5.7,7.25,3.63,4.66,5.18,7.77,0.52,7.25,4.15,1.55,1.55,5.7,7.25,5.18,3.63,4.66,6.74,9.84,-3.11,16.58,13.99,5.77,0.481,0.031,0.158,-0.071,4.059,0.995
P0A9A9, A0A140NE13,110,1.053487526,0.639610333,1.52026126,0.68,-1.35,148,100,6.76,2.7,8.11,9.46,2.7,7.43,8.11,6.08,6.08,10.81,1.35,4.05,1.35,3.38,5.41,3.38,4.73,5.41,0.0,2.7,11.49,17.57,-6.08,29.05,5.41,5.92,0.438,0.061,0.008,-0.085,4.06,0.987
P09832, A0A140N788,30,1.1883901,0.829385327,0.052904792,-1.27,-2.75,472,100,8.05,2.33,5.72,8.47,4.45,10.38,1.48,5.51,5.51,6.14,3.18,4.66,4.66,3.18,6.78,3.81,4.03,8.69,1.06,1.91,12.29,14.19,-1.91,26.48,7.42,5.6,0.465,0.019,0.125,-0.063,4.137,0.989
P0AG63, A0A140N6Z6,83,1.665960834,1.196755639,0.574692927,3.57,-3.57,84,100,2.38,2.38,4.76,8.33,2.38,4.76,3.57,8.33,11.9,5.95,2.38,2.38,2.38,1.19,8.33,4.76,7.14,14.29,1.19,1.19,20.24,13.1,7.14,33.33,4.76,10.42,0.467,0.071,0.079,-0.122,3.975,1.103
P0A991, A0A140NAH0,5,1.363740763,0.857234453,1.583813899,-0.86,2.29,350,100,11.71,1.14,6.29,4.0,2.29,8.57,2.29,5.71,4.29,9.14,2.86,6.29,2.86,3.43,5.14,5.71,5.14,7.14,0.29,5.71,9.43,10.29,-0.86,19.71,8.29,6.57,0.484,0.009,0.187,-0.075,4.091,0.998
P0AFG6, A0A140NDX4,122,1.148412976,0.836225701,0.113083215,-0.25,-1.23,405,100,10.86,0.0,6.67,7.9,1.98,6.67,1.73,4.69,6.17,10.12,3.21,3.21,5.19,2.22,6.42,5.93,5.93,9.14,0.25,1.73,12.59,14.57,-1.98,27.16,3.95,5.67,0.476,0.02,0.155,-0.082,3.998,0.979
P0AFG3, A0A140NE66,7,1.110252366,0.705019105,0.086846932,-1.29,-1.5,933,100,8.25,1.07,5.57,7.07,4.18,7.18,3.64,3.54,4.72,8.9,2.68,3.86,4.72,5.79,6.0,6.11,4.5,7.4,1.5,3.32,10.72,12.65,-1.93,23.37,9.0,6.31,0.451,0.019,0.086,-0.074,4.187,0.982
P21599, A0A140NBB3,44,1.309083668,1.134652279,0.148337887,-0.83,1.88,480,100,11.46,0.83,7.29,5.42,1.88,8.54,1.46,5.83,5.62,9.17,4.17,4.17,2.92,2.08,6.46,5.21,6.25,9.79,0.0,1.46,12.08,12.71,-0.62,24.79,3.33,6.51,0.497,0.006,0.228,-0.085,3.999,1.0
P0AEZ9, A0A140NDS1,105,1.071150192,0.661417859,1.849275501,-3.53,-2.35,170,100,10.59,1.18,5.29,7.65,4.12,7.06,2.94,6.47,3.53,7.06,1.76,2.94,4.12,4.12,7.06,6.47,7.65,7.65,1.18,1.18,10.59,12.94,-2.35,23.53,6.47,5.93,0.475,0.024,0.148,-0.085,4.106,1.004
P0A796, A0A140SS75,77,1.446973099,0.862825618,0.106541714,-2.5,0.62,320,100,8.44,1.88,7.19,6.56,3.12,11.88,2.19,8.75,4.38,7.81,3.75,2.5,2.5,1.56,6.88,4.38,4.69,7.81,0.31,3.44,11.25,13.75,-2.5,25.0,6.88,5.55,0.5,0.025,0.216,-0.078,4.062,1.024
P21889, A0A140N996,82,1.031621128,0.966898146,1.11766556,-1.69,1.02,590,100,9.66,0.85,7.8,6.78,4.92,7.29,1.53,4.92,5.42,9.83,3.56,3.9,4.58,3.22,7.12,3.39,5.42,6.78,0.68,2.37,12.54,14.58,-2.03,27.12,7.97,5.51,0.471,0.02,0.139,-0.08,4.108,0.98
P0AC38, A0A140NGN0,87,1.106702964,0.857559789,0.058254165,2.3,-3.97,478,100,8.79,2.3,3.97,7.95,2.72,7.11,1.67,6.69,5.65,9.21,3.35,7.53,3.97,3.97,3.35,4.39,5.02,9.0,0.0,3.35,9.0,11.92,-2.93,20.92,6.07,5.22,0.493,0.029,0.192,-0.088,4.103,1.014
P0AEZ3, A0A140N8V2,95,1.078497318,0.709653741,1.009496245,-1.11,0.0,270,100,8.52,0.74,7.78,7.78,3.33,8.52,0.37,8.15,6.3,10.37,2.22,3.33,2.96,2.22,7.41,5.19,5.19,7.78,0.0,1.85,13.7,15.56,-1.85,29.26,5.19,5.26,0.487,0.019,0.186,-0.091,3.982,1.005
P0A7M9, A0A140SS71,66,1.25444594,0.833348077,0.727581486,4.29,4.29,70,100,2.86,5.71,7.14,2.86,5.71,8.57,4.29,5.71,11.43,2.86,2.86,5.71,4.29,1.43,7.14,7.14,5.71,7.14,0.0,1.43,18.57,10.0,8.57,28.57,7.14,10.64,0.428,0.086,-0.045,-0.024,4.08,1.004
P31057, A0A140NDI9,44,0.99757923,0.88049148,0.0775225,0.76,-2.27,264,100,12.88,1.14,4.55,6.82,3.79,9.85,2.65,4.92,4.17,9.85,3.41,2.65,4.17,4.17,3.41,3.03,6.44,8.71,0.38,3.03,7.58,11.36,-3.79,18.94,7.2,5.19,0.515,0.038,0.246,-0.09,4.053,1.006
P00452, A0A140N9Q4,63,1.165199333,0.815170592,0.13909068,0.26,0.66,761,100,8.15,1.45,6.7,6.04,3.68,6.31,2.63,6.57,5.52,9.86,2.1,4.6,4.07,4.34,5.26,6.44,5.12,5.12,0.66,5.39,10.78,12.75,-1.97,23.52,9.72,6.0,0.463,0.02,0.117,-0.078,4.17,0.997
P0A9C5, A0A140SSA2,42,1.217152765,0.77752185,0.116349946,0.21,-1.07,469,100,9.59,0.85,6.61,7.68,4.9,7.68,3.41,5.76,5.12,6.82,3.62,4.05,5.76,2.13,4.9,5.97,4.26,6.82,0.43,3.62,10.02,14.29,-4.26,24.31,8.96,5.34,0.468,0.043,0.108,-0.062,4.149,0.982
P0A9M8, A0A140NA84,54,1.147874194,0.80540825,0.100311021,-2.1,-1.54,714,100,10.64,0.84,5.18,6.72,2.38,6.3,0.98,6.02,3.92,9.1,2.66,4.48,5.18,3.92,6.02,7.0,7.14,9.1,0.42,1.96,9.94,11.9,-1.96,21.85,4.76,5.32,0.491,0.02,0.197,-0.083,4.061,1.001
P0A7Z0, A0A140N4F6,94,1.084091212,0.940431925,0.136091962,3.2,1.37,219,100,10.96,0.46,6.39,5.02,2.28,11.87,1.83,9.13,5.94,7.31,3.2,3.2,3.65,3.65,2.74,4.57,5.02,10.96,0.46,1.37,8.68,11.42,-2.74,20.09,4.11,5.25,0.526,0.027,0.285,-0.078,3.982,1.024
P0A6W5, A0A140N7C5,87,0.646397339,1.275584691,0.430440113,0.0,-5.7,158,100,8.86,0.63,6.96,12.66,3.16,6.96,1.27,8.86,6.33,6.96,1.9,4.43,3.16,3.8,6.33,3.16,3.8,8.86,0.0,1.9,12.66,19.62,-6.96,32.28,5.06,4.69,0.459,0.07,0.058,-0.106,3.988,1.001
P0A6T5, A0A140N5I1,50,1.019112959,0.498137778,0.068399231,-0.9,-0.45,222,100,8.11,0.9,5.41,5.86,3.15,4.05,4.5,7.21,4.95,10.36,3.6,4.05,3.6,4.05,5.86,5.86,9.01,7.66,0.0,1.8,10.81,11.26,-0.45,22.07,4.95,7.31,0.487,0.005,0.199,-0.102,4.097,1.03
P38489, A0A140NEJ3,87,1.242407021,0.786656858,0.059050213,5.07,1.84,217,100,12.44,0.46,7.83,5.99,5.07,5.07,3.23,3.23,8.29,8.76,2.3,3.69,3.69,3.23,3.23,5.99,5.07,9.22,1.38,1.84,11.52,13.82,-2.3,25.35,8.29,6.03,0.477,0.023,0.153,-0.09,4.068,0.989
P76558, A0A140N5I2,81,0.825487307,1.034284572,0.067775498,0.26,-1.58,759,100,11.46,1.19,5.53,7.11,3.56,6.85,1.58,7.11,5.27,8.56,3.43,3.95,6.06,3.16,5.01,4.48,3.82,9.49,0.13,2.24,10.28,12.65,-2.37,22.92,5.93,5.39,0.506,0.024,0.235,-0.09,4.074,1.005
P0A7G2, A0A140N5Y7,68,1.335099819,0.993468843,0.882946389,-0.75,-1.5,133,100,7.52,0.0,7.52,9.02,3.76,5.26,0.75,4.51,7.52,9.02,6.02,3.01,3.01,3.76,8.27,6.02,3.76,9.02,0.0,2.26,15.79,16.54,-0.75,32.33,6.02,6.05,0.456,0.008,0.111,-0.106,4.006,0.991
P0ACG1, A0A140N6R1,16,0.646427408,0.487268233,0.862482468,-0.75,-8.96,134,100,8.96,0.0,3.73,12.69,2.99,5.22,0.0,4.48,8.21,9.7,3.73,3.73,4.48,5.97,8.96,5.22,5.97,3.73,1.49,0.75,17.16,16.42,0.75,33.58,5.22,9.26,0.412,0.007,-0.012,-0.099,3.958,0.932
P0ADZ0, C6EGE8,70,1.371978775,0.814968166,1.999457838,7.0,-7.0,100,100,10.0,0.0,3.0,10.0,2.0,6.0,2.0,4.0,14.0,8.0,2.0,3.0,1.0,3.0,7.0,4.0,5.0,14.0,1.0,1.0,21.0,13.0,8.0,34.0,4.0,10.41,0.459,0.08,0.046,-0.139,3.843,1.037
P0AC62, A0A140N4R0,80,1.118097687,0.644852615,1.260123081,1.2,1.2,83,100,9.64,3.61,7.23,6.02,2.41,8.43,2.41,7.23,7.23,9.64,2.41,2.41,4.82,3.61,6.02,4.82,4.82,3.61,0.0,3.61,13.25,13.25,0.0,26.51,6.02,7.97,0.465,0.0,0.144,-0.066,4.105,0.97
P0AC41, A0A140NA80,10,1.092900102,0.536345662,0.064310909,-3.06,-1.87,588,100,9.52,1.87,5.44,7.31,3.23,10.03,3.23,4.25,3.74,8.67,2.89,4.25,4.08,3.57,6.8,4.93,5.61,6.97,1.19,2.38,10.54,12.76,-2.21,23.3,6.8,6.08,0.464,0.022,0.119,-0.063,4.15,0.975
P0AA16, A0A140N394,87,1.544163601,0.714004608,0.437338336,-7.53,-3.35,239,100,7.11,0.42,5.86,9.21,3.35,5.86,1.26,5.02,3.35,11.72,5.02,2.93,6.28,3.77,10.88,5.44,2.51,7.11,0.42,2.51,14.23,15.06,-0.84,29.29,6.28,6.26,0.462,0.008,0.126,-0.092,4.03,0.974
P0A6H5, A0A140NF86,74,1.124527272,0.633017884,0.108791691,0.23,-4.29,443,100,9.48,0.45,6.09,10.38,2.26,5.42,1.58,8.58,6.77,9.03,3.16,3.39,3.84,5.19,6.55,4.97,4.74,6.32,0.68,1.13,13.32,16.48,-3.16,29.8,4.06,5.27,0.46,0.032,0.098,-0.108,4.049,0.983
P0AB89, A0A140NCQ6,74,1.139909082,1.022924757,0.125871719,0.22,-2.41,456,100,9.43,0.44,5.7,8.11,3.29,5.7,3.07,7.24,5.7,9.87,1.97,4.17,3.73,3.73,5.48,5.04,4.82,7.02,1.54,3.95,11.18,13.82,-2.63,25.0,8.77,5.85,0.473,0.026,0.14,-0.103,4.137,1.012
P07813, A0A140NBM7,93,0.976644465,0.796849798,0.915715435,1.51,-0.93,860,100,9.19,1.28,6.74,7.67,3.14,6.63,1.86,4.07,6.28,7.56,3.95,4.53,4.77,3.49,4.77,2.79,6.28,8.37,2.44,4.19,11.05,14.42,-3.37,25.47,9.77,5.18,0.459,0.034,0.094,-0.082,4.178,0.999
P31120, A0A140N5E8,61,1.322169959,1.041282155,0.3812644,-1.12,-1.57,445,100,12.36,1.12,5.62,7.19,2.92,10.79,2.02,6.97,4.94,8.76,3.15,3.6,3.15,2.02,6.07,4.49,4.27,8.09,0.45,2.02,11.01,12.81,-1.8,23.82,5.39,5.87,0.501,0.018,0.228,-0.084,4.035,0.994
P0A6R0, A0A140N913,92,1.092302592,0.810460176,0.943275399,-1.26,0.63,317,100,13.56,1.58,5.99,5.36,2.84,8.52,2.52,6.62,3.15,8.2,2.52,3.47,3.47,2.52,4.42,5.99,7.89,8.52,0.95,1.89,7.57,11.36,-3.79,18.93,5.68,5.09,0.516,0.038,0.248,-0.082,4.06,1.013
P00957, A0A140N6W9,58,0.836576166,0.782652722,0.303508884,-0.91,-0.34,876,100,10.39,0.68,6.96,7.31,4.11,9.13,2.51,4.68,5.37,8.68,2.4,3.77,2.51,4.0,6.28,5.71,4.79,7.76,0.91,2.05,11.64,14.27,-2.63,25.91,7.08,5.65,0.466,0.026,0.121,-0.08,4.096,0.981
P0A8M0, A0A140N8Q9,70,1.132798951,0.795060884,1.308301211,-3.22,-1.29,466,100,8.8,0.86,6.65,7.94,6.01,6.87,1.72,3.65,4.08,7.73,2.15,4.29,4.08,2.79,7.3,5.15,4.94,10.09,1.5,3.43,11.37,14.59,-3.22,25.97,10.94,5.2,0.471,0.032,0.13,-0.086,4.124,1.016
P0A9M0, A0A140NCR6,82,1.211617311,0.912993596,0.359377114,1.53,-2.17,784,100,7.91,0.77,6.51,8.67,1.28,6.51,1.79,6.51,7.78,10.71,3.83,3.32,4.72,3.57,6.25,4.85,4.08,8.04,0.38,2.55,14.03,15.18,-1.15,29.21,4.21,6.23,0.465,0.011,0.133,-0.093,4.065,0.987
P0AC53, A0A140N899,67,1.173527079,0.928925111,0.308434894,-0.2,-0.2,491,100,8.35,1.22,6.92,7.13,3.67,6.11,1.22,5.09,6.11,9.78,2.44,4.89,3.67,4.28,6.31,4.48,6.11,6.92,2.44,2.85,12.42,14.05,-1.63,26.48,8.96,5.61,0.458,0.016,0.11,-0.088,4.163,0.995
P0A6N4, A0A140SS30,109,1.280957682,0.843578635,0.087202202,3.19,0.0,188,100,8.51,0.53,6.91,6.91,4.79,9.04,0.53,3.72,6.91,7.98,2.13,4.26,4.26,2.66,3.72,4.79,7.98,9.57,1.6,3.19,10.64,13.83,-3.19,24.47,9.57,4.88,0.475,0.032,0.141,-0.065,4.074,1.006
P0A8W8, A0A140N737,39,1.056240996,0.737944626,0.03961882,-7.32,-4.27,164,100,7.32,1.22,4.27,8.54,3.66,4.88,3.66,6.1,1.83,7.93,6.71,6.1,1.83,6.71,9.15,3.05,6.1,3.66,1.83,5.49,10.98,12.8,-1.83,23.78,10.98,6.36,0.436,0.018,0.044,-0.113,4.154,1.004
P0A6F3, A0A140SS73,22,0.52172146,0.293838857,0.196689654,-1.99,-2.59,502,100,9.16,1.0,5.38,7.97,2.79,8.57,1.79,6.77,4.38,7.17,2.99,3.98,2.79,3.98,6.37,4.18,7.37,7.17,2.59,3.59,10.76,13.35,-2.59,24.1,8.96,5.4,0.468,0.026,0.125,-0.09,4.154,1.015
P0ABS1, A0A140NDZ7,73,0.808538097,0.832510829,1.374090179,-3.31,-7.95,151,100,8.61,2.65,6.62,14.57,2.65,4.64,1.32,5.96,6.62,7.95,2.65,3.31,3.31,5.3,9.93,3.31,3.97,3.97,0.66,1.99,16.56,21.19,-4.64,37.75,5.3,5.03,0.404,0.046,-0.073,-0.106,4.039,0.947
P69910, A0A140N806,15,1.264161425,1.797770417,1.020060565,-0.21,1.72,466,100,8.58,2.15,7.73,6.01,4.94,7.73,1.93,5.79,5.36,8.58,3.22,3.43,5.36,4.29,5.58,4.08,4.08,5.36,2.36,3.43,10.94,13.73,-2.79,24.68,10.73,5.34,0.467,0.028,0.122,-0.069,4.208,0.983
P31658, A0A140N902,79,1.098831596,0.808364511,0.969836529,3.89,1.41,283,100,11.31,0.71,6.71,5.3,5.3,7.42,3.89,4.95,6.36,9.54,2.83,4.24,6.71,2.83,2.47,5.3,4.24,4.59,1.06,4.24,8.83,12.01,-3.18,20.85,10.6,5.83,0.475,0.032,0.14,-0.055,4.131,0.962
P15034, A0A140N3T1,75,1.587712935,0.981836688,0.025292984,-4.54,-4.31,441,100,7.94,0.91,5.22,9.52,3.4,7.71,3.17,6.35,2.95,8.84,2.72,3.63,4.08,4.08,7.48,4.76,4.54,7.71,0.91,4.08,10.43,14.74,-4.31,25.17,8.39,5.3,0.466,0.043,0.103,-0.092,4.136,1.008
P0A9W3, A0A140NGH2,92,1.135123062,0.874819188,0.550962069,-0.9,-2.52,555,100,7.39,0.36,6.85,9.37,3.42,8.65,1.98,5.77,6.31,11.53,1.8,3.96,4.14,3.6,7.21,4.86,3.6,5.41,1.44,2.34,13.51,16.22,-2.7,29.73,7.21,5.47,0.447,0.027,0.067,-0.076,4.077,0.962
P16659, A0A140NDE0,17,0.980167411,0.592843933,0.040081216,-1.22,-2.45,572,100,8.92,0.17,5.94,8.39,3.5,7.17,1.57,6.29,4.9,8.57,2.97,3.32,4.9,4.72,6.12,5.24,4.72,8.57,0.87,3.15,11.01,14.34,-3.32,25.35,7.52,5.13,0.473,0.033,0.133,-0.09,4.106,1.001
P61517, A0A140NBR3,48,1.039912735,0.907423532,1.053318215,-0.91,-2.27,220,100,5.45,2.27,5.0,7.27,2.27,7.27,5.45,6.36,4.55,12.73,2.27,5.91,2.73,4.09,5.45,4.55,4.09,7.27,2.73,2.27,10.0,12.27,-2.27,22.27,7.27,6.47,0.474,0.023,0.147,-0.093,4.163,1.017
P04825, A0A140NDT0,102,1.008791403,0.758456906,0.396498081,-2.07,0.23,870,100,10.0,0.92,7.13,6.9,4.6,4.37,2.53,4.71,4.02,10.69,2.41,5.06,4.25,4.83,6.09,4.71,5.75,5.98,1.49,3.56,10.11,14.02,-3.91,24.14,9.66,5.17,0.464,0.039,0.102,-0.093,4.154,0.988
P0ABH9, A0A140NBG5,61,1.222434602,0.678185303,0.160364258,-0.79,-2.64,758,100,9.1,0.4,5.8,8.44,3.56,6.6,2.77,6.07,5.8,10.29,1.98,4.22,3.3,4.75,6.6,5.54,5.01,7.92,0.4,1.45,12.4,14.25,-1.85,26.65,5.41,6.14,0.467,0.018,0.131,-0.097,4.073,0.992
P00961, A0A140N2U8,77,0.921365702,0.92637494,0.089766878,-0.87,-0.58,689,100,12.34,0.44,7.4,7.98,4.35,5.52,1.45,4.64,5.95,11.03,2.32,3.48,4.35,3.63,6.82,3.05,4.93,7.4,1.02,1.89,12.77,15.38,-2.61,28.16,7.26,5.33,0.476,0.026,0.148,-0.103,4.041,0.978
P0A7Q1, A0A140N9E3,122,1.858102914,1.116099808,13.41987215,12.31,1.54,65,100,10.77,1.54,1.54,0.0,3.08,9.23,6.15,4.62,21.54,9.23,3.08,1.54,4.62,0.0,9.23,1.54,6.15,4.62,0.0,1.54,30.77,1.54,29.23,32.31,4.62,12.38,0.431,0.292,-0.242,-0.077,3.657,0.976
P0A7G6, A0A140N4Y8,88,0.799236569,0.605608516,0.086710632,3.68,-2.83,353,100,10.76,0.85,5.67,8.5,2.83,9.92,0.57,7.65,7.65,8.78,2.83,4.25,2.83,3.68,3.97,5.67,4.82,6.23,0.57,1.98,11.61,14.16,-2.55,25.78,5.38,5.07,0.481,0.025,0.162,-0.082,4.03,0.977
P60906, A0A140N6J6,59,1.167936334,0.766886924,0.139907175,-3.77,-2.83,424,100,9.67,1.18,5.19,8.02,2.83,9.67,1.89,3.54,3.77,11.56,2.12,4.01,3.3,4.48,7.55,3.77,4.72,7.78,1.42,3.54,11.32,13.21,-1.89,24.53,7.78,5.78,0.47,0.019,0.139,-0.086,4.082,0.985
P0AB91, A0A140NBD3,100,0.238765046,0.821508033,0.0,2.57,0.0,350,100,10.86,2.0,6.29,6.29,2.29,8.29,3.14,7.14,6.86,9.71,2.29,5.14,4.0,3.14,4.29,5.14,4.0,6.29,1.14,1.71,11.14,12.57,-1.43,23.71,5.14,6.43,0.48,0.014,0.171,-0.074,4.119,0.976
P23830, A0A140N8V5,36,0.937069755,1.075812051,1.155411253,-2.88,3.33,451,100,5.99,0.89,8.2,4.88,3.1,4.43,2.88,7.98,5.99,11.75,1.77,5.54,4.21,4.66,8.87,3.55,3.1,6.21,1.55,4.43,14.86,13.08,1.77,27.94,9.09,9.54,0.452,0.018,0.091,-0.098,4.123,1.011
P00959, A0A140N8C6,50,0.989177043,0.860282278,0.124095282,1.03,0.15,677,100,8.71,1.18,6.65,6.5,5.47,6.79,2.36,5.32,5.91,8.42,3.1,4.28,4.73,4.14,4.87,6.06,4.14,6.2,1.62,3.55,10.78,13.15,-2.36,23.93,10.64,5.69,0.466,0.024,0.124,-0.075,4.198,0.988
P00962, A0A140NAB7,30,1.261992603,0.919257695,1.31546076,-1.44,-1.62,554,100,7.04,1.81,6.68,8.3,4.33,5.96,2.89,6.32,5.78,7.22,2.17,4.87,5.05,2.71,7.22,5.05,4.87,6.32,1.44,3.97,13.0,14.98,-1.99,27.98,9.75,6.1,0.442,0.02,0.061,-0.073,4.202,0.997
P0AES4, A0A140N626,49,1.22528833,0.861031068,0.126382271,-2.63,-2.06,875,100,8.8,0.46,7.2,9.26,1.83,7.54,1.83,7.66,4.91,8.8,2.4,3.54,3.54,2.86,7.54,3.89,5.37,9.49,0.34,2.74,12.46,16.46,-4.0,28.91,4.91,5.07,0.473,0.04,0.127,-0.098,4.033,1.013
P07118, A0A140NGV6,60,0.745592315,0.892049795,1.227695959,-0.84,-1.58,951,100,8.2,0.84,6.83,8.41,3.68,6.94,1.79,6.62,5.57,8.31,3.36,4.21,4.42,3.79,6.41,3.36,5.57,6.41,2.52,2.73,11.99,15.25,-3.26,27.23,8.94,5.23,0.458,0.033,0.091,-0.086,4.17,0.993
P0A6L0, A0A140NGH9,115,1.34665267,1.050908895,1.421409885,2.7,1.54,259,100,15.44,1.54,7.72,6.18,3.09,6.95,1.54,7.34,7.34,8.49,2.32,2.7,3.09,1.54,4.63,4.63,6.56,6.18,0.39,2.32,11.97,13.9,-1.93,25.87,5.79,5.56,0.498,0.019,0.218,-0.095,4.001,0.989
P0A6Z3, A0A140ND61,109,1.198203415,0.719153475,1.193889359,1.44,-1.44,624,100,7.53,0.0,8.17,9.62,4.17,4.81,2.24,4.97,7.37,10.58,2.08,3.04,2.56,3.85,5.93,7.05,5.45,6.09,1.6,2.88,13.3,17.79,-4.49,31.09,8.65,5.08,0.442,0.045,0.035,-0.098,4.076,0.985
P37689, A0A140N640,104,0.881255654,0.721513761,0.892300724,1.36,-0.39,514,100,12.65,0.39,7.2,7.59,3.89,7.78,2.53,4.86,6.03,7.59,3.89,3.89,3.7,2.72,4.67,3.89,4.86,8.37,0.58,2.92,10.7,14.79,-4.09,25.49,7.39,5.15,0.478,0.041,0.14,-0.086,4.08,0.984
P0A7E9, A0A140NCV1,31,1.336283642,1.057219996,1.392373541,-0.41,-1.24,241,100,11.62,0.83,4.98,6.22,2.9,9.54,1.24,5.39,5.39,11.2,4.98,4.56,2.9,1.66,5.81,3.73,5.81,8.71,0.41,2.07,11.2,11.2,0.0,22.41,5.39,7.93,0.515,0.0,0.283,-0.094,4.017,1.004
P21165, A0A140SSA6,15,1.339419449,0.728039463,0.143393633,0.45,-0.45,443,100,9.48,0.68,6.09,6.55,4.06,5.87,4.29,5.87,4.74,10.16,2.71,4.97,5.64,3.61,4.29,4.06,4.29,6.32,1.81,4.51,9.03,12.64,-3.61,21.67,10.38,5.79,0.473,0.036,0.131,-0.082,4.18,0.996
P05020, A0A140ND46,4,1.002904559,0.708432537,1.035802167,-4.02,-1.15,348,100,9.48,1.72,5.46,6.61,4.6,5.46,4.02,4.6,2.59,9.48,3.16,4.02,6.03,3.16,6.61,4.31,7.18,8.33,0.57,2.59,9.2,12.07,-2.87,21.26,7.76,6.01,0.486,0.029,0.175,-0.081,4.145,1.01
P0ADE8, A0A140N3U1,82,1.099531562,0.912999249,1.188362808,-0.92,-1.84,326,100,12.27,0.61,5.83,7.67,4.29,6.44,1.23,3.07,4.91,11.35,3.07,3.99,4.6,4.91,5.83,4.6,5.83,6.13,2.15,1.23,10.74,13.5,-2.76,24.23,7.67,5.17,0.473,0.028,0.137,-0.089,4.075,0.958
P0A6Y5, A0A140N2J1,89,0.644350095,0.641395894,0.435564624,-1.71,-1.03,292,100,7.53,2.05,7.88,8.9,2.74,6.51,2.74,4.11,2.4,11.3,2.74,5.48,4.79,6.16,4.11,2.4,6.85,7.88,0.34,3.08,6.51,16.78,-10.27,23.29,6.16,4.31,0.465,0.103,0.042,-0.076,4.095,0.982
P26646, A0A140N5R4,65,1.099209291,1.02900781,1.410006491,-1.23,-0.93,324,100,11.11,0.93,4.94,5.86,2.78,10.49,1.54,4.32,4.01,9.88,2.78,2.78,4.32,5.25,5.25,4.94,5.86,9.57,1.85,1.54,9.26,10.8,-1.54,20.06,6.17,5.77,0.5,0.015,0.225,-0.079,4.066,0.995
P0A9P4, A0A140NDA6,105,1.170806946,0.933970432,1.473866499,-1.25,-1.25,321,100,9.97,1.25,5.61,6.85,3.12,10.9,3.12,6.85,3.74,9.03,2.49,5.61,2.8,3.12,4.98,4.05,7.79,5.61,0.31,2.8,8.72,12.46,-3.74,21.18,6.23,5.37,0.479,0.037,0.144,-0.064,4.084,0.987
P0AG18, A0A140NF30,105,1.177648466,0.602284361,0.591418037,-0.59,-1.18,169,100,16.57,0.0,4.14,5.33,2.37,7.69,3.55,5.92,3.55,8.28,2.96,4.14,5.92,4.14,4.14,6.51,3.55,8.88,1.18,1.18,7.69,9.47,-1.78,17.16,4.73,6.34,0.51,0.018,0.25,-0.083,3.99,0.974
P08312, A0A140N6N0,12,1.039108667,0.91725261,0.108668603,-3.98,-1.53,327,100,8.56,0.31,5.81,7.34,6.12,7.03,3.36,4.89,3.36,9.48,3.06,4.59,5.2,3.98,7.34,3.98,6.73,6.12,0.61,2.14,10.7,13.15,-2.45,23.85,8.87,6.01,0.464,0.024,0.117,-0.075,4.123,0.984
P0ABF6, A0A140N822,42,1.905961641,1.670410048,0.101887889,-0.34,1.36,294,100,15.99,1.7,5.78,4.42,3.74,6.8,3.06,4.42,3.4,13.27,2.04,3.74,5.44,4.42,3.74,6.46,4.76,2.72,1.02,3.06,7.14,10.2,-3.06,17.35,7.82,5.54,0.5,0.031,0.211,-0.074,4.03,0.942
P0ACY1, A0A140N914,99,1.352508729,0.89540012,1.151486369,-3.28,-3.83,183,100,13.11,1.64,3.83,7.65,4.92,7.65,1.64,5.46,3.83,6.56,3.83,2.73,6.56,4.92,7.1,5.46,3.83,6.56,1.64,1.09,10.93,11.48,-0.55,22.4,7.65,6.69,0.481,0.005,0.184,-0.08,4.107,0.968
P25516, A0A140NCK8,41,1.040790639,0.927903576,1.208938332,-0.9,0.22,891,100,8.64,0.79,6.4,6.17,2.58,8.75,2.02,4.83,4.83,9.43,2.81,3.7,5.61,3.03,5.72,5.72,6.06,8.19,1.46,3.25,10.55,12.57,-2.02,23.12,7.3,5.72,0.474,0.02,0.149,-0.062,4.133,0.989
P0AEP3, A0A140N8N3,86,1.332206011,0.982445213,0.559638005,4.3,-2.98,302,100,8.94,1.66,5.63,8.61,1.66,6.95,2.98,6.95,6.95,8.94,3.97,2.65,5.96,2.98,2.65,3.97,4.64,10.93,0.66,2.32,9.6,14.24,-4.64,23.84,4.64,5.13,0.503,0.046,0.205,-0.091,4.08,1.021
P0AAI5, A0A140NA92,8,1.065926591,1.010700571,1.323798293,0.0,-0.48,413,100,12.59,0.97,4.84,5.33,3.39,12.59,2.42,6.78,4.12,7.02,3.39,3.87,3.63,2.42,4.12,7.75,5.57,6.3,0.48,2.42,8.23,10.17,-1.94,18.4,6.3,5.91,0.5,0.019,0.223,-0.052,4.048,0.977
P10408, A0A140ND17,58,0.606729311,0.756441224,0.063195654,-1.66,-4.55,901,100,8.99,0.44,5.77,10.32,2.77,6.22,2.44,5.99,5.66,9.1,3.66,3.77,3.22,4.66,7.33,4.88,4.66,6.55,0.78,2.77,12.99,16.09,-3.11,29.08,6.33,5.48,0.448,0.031,0.066,-0.102,4.108,0.981
P33599, A0A140N745,18,0.603928294,0.284385849,0.159290756,-3.19,-0.34,596,100,6.54,0.67,6.38,6.71,5.37,7.05,3.19,5.37,4.03,9.56,3.52,3.02,6.21,3.19,7.21,4.19,6.21,6.21,2.01,3.36,11.24,13.09,-1.85,24.33,10.74,6.24,0.466,0.018,0.128,-0.072,4.183,1.001
P0A9Q5, A0A140N7K3,62,1.006921637,0.74182896,0.08010789,-0.33,-4.61,304,100,10.2,1.97,3.95,8.55,3.29,7.24,0.99,4.28,6.25,9.87,5.59,2.3,6.91,2.96,6.58,6.58,3.29,7.24,0.66,1.32,12.83,12.5,0.33,25.33,5.26,8.98,0.486,0.003,0.198,-0.078,4.069,0.965
P00960, A0A140N690,59,0.615293117,0.463907401,0.102871863,-1.65,-2.64,303,100,6.6,1.65,5.28,7.92,4.29,7.26,1.65,3.96,3.63,10.23,2.64,3.63,5.61,6.6,5.28,3.3,6.6,5.94,1.98,5.94,8.91,13.2,-4.29,22.11,12.21,4.88,0.456,0.043,0.077,-0.078,4.178,0.999
P00579, A0A140N683,93,1.193413267,0.703922829,0.073391855,-1.96,-2.77,613,100,7.99,0.49,8.81,11.58,2.45,3.92,1.47,7.01,5.55,8.81,4.08,3.1,3.1,4.89,7.5,4.73,6.2,5.55,0.65,2.12,13.05,20.39,-7.34,33.44,5.22,4.66,0.435,0.073,-0.014,-0.106,4.056,0.975
P0A9K3, A0A140NAC4,62,1.539491226,0.907129729,0.351806859,-2.6,-3.76,346,100,10.12,0.58,5.78,9.54,3.47,5.2,1.73,8.38,5.49,9.25,1.73,4.34,4.62,4.34,8.09,2.89,5.2,6.65,0.29,2.31,13.58,15.32,-1.73,28.9,6.07,5.84,0.464,0.017,0.123,-0.108,4.05,0.997
P00946, A0A140N6Z1,66,1.192808759,0.747974158,1.492156629,2.81,-3.32,391,100,11.51,0.51,4.09,7.42,5.12,5.37,2.3,4.35,5.63,12.02,2.3,4.86,6.65,5.63,2.81,7.67,3.07,5.88,1.02,1.79,8.44,11.51,-3.07,19.95,7.93,5.35,0.486,0.031,0.172,-0.079,4.06,0.956
Q46851, A0A140N5V9,13,1.363067129,0.870801801,0.255621961,-1.73,-1.45,346,100,8.09,0.58,4.62,6.07,2.31,8.09,2.31,3.76,4.34,14.16,3.18,5.78,4.05,5.49,6.07,7.51,3.76,3.76,2.02,4.05,10.4,10.69,-0.29,21.1,8.38,7.2,0.457,0.003,0.118,-0.071,4.101,0.951
P04805, A0A140N9E5,87,1.108184329,0.812085327,1.637282985,-1.7,-1.06,471,100,8.7,1.49,7.22,8.28,3.18,5.94,4.03,5.52,5.1,8.07,2.55,4.25,4.25,3.82,6.79,4.03,4.88,6.37,1.7,3.82,11.89,15.5,-3.61,27.39,8.7,5.76,0.441,0.036,0.042,-0.083,4.196,0.987
P13035, A0A140N6N1,48,1.167654992,0.829341455,0.166971082,-2.79,-0.2,501,100,8.18,0.6,6.39,6.59,2.99,8.18,2.99,5.19,4.99,10.58,2.0,2.59,3.99,3.19,7.78,5.99,4.99,5.99,2.4,4.39,12.77,12.97,-0.2,25.75,9.78,7.45,0.457,0.002,0.121,-0.08,4.14,0.993
P15639, A0A140SS76,72,0.999508259,0.829343427,0.093184199,-0.38,-0.38,529,100,13.23,1.32,6.43,6.81,3.97,7.94,2.08,6.62,5.29,6.24,3.02,3.59,3.21,3.78,5.67,5.48,4.35,8.13,0.38,2.46,10.96,13.23,-2.27,24.2,6.81,5.63,0.486,0.023,0.18,-0.09,4.092,0.995
P0A6K3, A0A140N556,67,1.169543701,0.859032187,1.015531932,-1.78,-4.73,169,100,7.1,1.18,7.1,11.83,1.78,4.73,2.37,8.88,6.51,11.83,2.96,1.78,4.14,5.33,8.28,2.96,1.78,8.28,0.0,1.18,14.79,18.93,-4.14,33.73,2.96,5.26,0.468,0.041,0.11,-0.129,3.946,1.002
P0A6H1, A0A140NEQ0,70,1.08274495,0.687449405,0.099739889,3.3,-1.65,424,100,8.25,1.65,6.84,8.49,2.36,8.25,1.65,7.31,7.78,10.61,1.18,2.59,4.01,4.72,4.48,5.42,4.48,7.31,0.0,2.59,12.26,15.33,-3.07,27.59,4.95,5.25,0.474,0.031,0.137,-0.085,4.038,0.991
P21888, A0A140NAR3,40,0.896939329,0.733320845,1.236678109,-1.52,0.87,461,100,10.63,1.08,8.24,7.38,4.12,6.72,3.47,4.56,4.99,7.81,4.56,3.9,3.25,3.47,6.51,4.12,3.9,6.29,1.52,3.47,11.5,15.62,-4.12,27.11,9.11,5.41,0.454,0.041,0.072,-0.085,4.169,0.976
P33602, A0A140N9P3,18,0.886819602,0.419838957,0.054336931,-3.52,-0.22,908,100,10.68,1.76,6.06,6.28,3.52,8.26,2.86,4.96,3.41,7.6,2.42,4.19,4.52,4.85,6.94,5.29,4.74,7.16,1.32,3.19,10.35,12.33,-1.98,22.69,8.04,6.07,0.464,0.02,0.121,-0.071,4.169,0.982
P0AC33, A0A140N8Y0,37,1.116964013,0.761620302,0.23985844,2.74,-1.64,548,100,9.49,1.64,5.29,6.93,2.92,9.31,2.19,5.66,6.93,9.31,2.01,3.83,4.93,5.29,4.2,4.56,4.93,5.29,0.55,4.74,11.13,12.23,-1.09,23.36,8.21,6.38,0.459,0.011,0.117,-0.066,4.135,0.972
P27298, A0A140N6F6,94,1.117859463,0.7613408,1.525575235,0.0,-3.82,680,100,9.71,0.88,5.44,9.26,5.0,6.62,2.5,3.09,5.29,11.32,2.06,4.12,5.29,4.12,5.29,4.85,3.82,5.15,1.76,4.41,10.59,14.71,-4.12,25.29,11.18,5.18,0.454,0.041,0.071,-0.08,4.134,0.963
P33195, A0A140N4G4,22,0.882401121,0.715455896,0.359282446,-1.25,-0.31,957,100,11.7,1.36,5.43,5.75,2.93,7.42,3.34,5.96,3.55,9.2,3.55,3.76,5.02,4.91,4.81,5.02,5.12,7.42,0.73,3.03,8.36,11.18,-2.82,19.54,6.69,5.81,0.493,0.028,0.193,-0.083,4.142,0.993
P07012, A0A140N6E7,93,0.669509759,0.746611801,0.645090981,-1.37,-2.19,365,100,7.95,0.55,8.77,10.96,2.47,6.85,1.37,5.21,5.48,8.22,2.47,3.56,1.92,5.21,6.85,7.12,4.66,6.03,1.37,3.01,12.33,19.73,-7.4,32.05,6.85,4.61,0.423,0.074,-0.046,-0.085,4.076,0.962
P00393, A0A140NAX3,36,1.2607669,0.811736318,0.227318059,0.69,-1.15,434,100,8.99,0.92,4.15,5.3,2.53,9.68,3.92,5.99,5.76,11.75,3.46,5.3,3.92,3.23,5.07,4.61,5.99,6.22,0.46,2.76,10.83,9.45,1.38,20.28,5.76,9.55,0.486,0.014,0.188,-0.072,4.106,0.989
P17169, A0A140NE25,91,1.082611078,1.18675809,0.095933579,-2.13,-3.45,609,100,9.69,0.66,4.93,8.37,2.13,8.05,3.94,7.06,3.78,11.66,2.3,3.12,3.45,3.61,5.91,6.24,4.6,7.06,0.49,2.96,9.69,13.3,-3.61,22.99,5.58,5.72,0.489,0.036,0.174,-0.096,4.067,1.001
Q46857, A0A140N3I5,28,0.491297569,0.536111232,0.943397719,3.64,1.09,275,100,6.91,0.36,7.27,6.18,2.18,7.27,3.27,7.64,7.64,10.55,1.82,4.0,4.73,6.55,4.0,3.64,4.0,6.91,2.91,2.18,11.64,13.45,-1.82,25.09,7.27,6.27,0.458,0.018,0.107,-0.084,4.122,0.991
P30177, A0A140NC71,8,1.781046073,0.601571098,1.287519326,-1.25,-4.06,320,100,10.0,1.56,3.75,7.81,2.81,9.06,3.12,5.94,4.69,10.94,3.75,2.81,6.88,4.06,5.94,3.44,5.31,5.31,0.62,2.19,10.62,11.56,-0.94,22.19,5.62,6.73,0.482,0.009,0.181,-0.071,4.105,0.967
P00582, A0A140NER9,76,0.642868342,1.185792578,1.840320215,1.51,-3.13,928,100,10.67,0.22,5.5,8.62,2.59,6.14,2.26,5.71,6.36,11.42,2.69,3.45,5.39,4.2,4.85,4.2,5.39,6.14,0.75,3.45,11.21,14.12,-2.91,25.32,6.79,5.45,0.471,0.029,0.131,-0.092,4.078,0.976
P26616, A0A140N9T5,9,1.101667399,1.153971627,0.048538667,-1.24,-1.06,565,100,7.26,1.06,5.49,6.55,3.89,7.26,1.06,7.61,4.25,9.2,3.01,5.31,5.13,5.66,5.49,5.13,5.13,7.08,1.24,3.19,9.73,12.04,-2.3,21.77,8.32,5.21,0.48,0.023,0.163,-0.081,4.16,1.006
P0AGJ9, A0A140NBN7,63,1.259019656,0.763173974,1.726360158,1.89,-1.65,424,100,8.49,1.65,5.66,7.31,5.9,8.02,1.42,4.72,6.6,10.38,1.65,4.72,3.07,6.37,4.72,4.95,4.95,5.42,1.42,2.59,11.32,12.97,-1.65,24.29,9.91,5.69,0.463,0.017,0.122,-0.083,4.138,0.981
P23893, A0A140NDH1,33,0.433750077,0.147290399,0.075710022,-1.64,-1.41,426,100,12.21,2.35,5.16,6.57,4.93,10.8,1.88,4.69,2.58,8.45,4.46,3.29,5.63,1.88,4.23,3.76,5.16,8.45,0.23,3.29,6.81,11.74,-4.93,18.54,8.45,4.72,0.522,0.049,0.255,-0.066,4.068,0.999
P22256, A0A140N7B3,77,1.032680354,1.167541056,1.000038408,0.23,-1.88,426,100,12.68,1.88,4.93,6.81,3.29,9.86,2.82,6.81,4.93,9.62,2.58,3.05,4.69,3.99,4.69,3.52,4.23,6.57,0.23,2.82,9.62,11.74,-2.11,21.36,6.34,5.99,0.5,0.021,0.221,-0.082,4.079,0.986
P35340, A0A140NEV5,76,1.104874629,0.983084774,0.818689613,2.69,-1.15,521,100,9.6,1.15,5.95,7.1,2.88,9.4,1.92,7.29,6.72,9.02,1.73,4.22,3.65,3.26,4.03,5.18,6.14,7.87,0.58,2.3,10.75,13.05,-2.3,23.8,5.76,5.53,0.486,0.023,0.181,-0.076,4.081,1.001
P0AF96, A0A140NGC1,56,0.857527215,0.786488944,0.143374862,2.0,-2.67,150,100,10.0,0.67,6.0,8.67,3.33,6.67,4.0,7.33,6.0,8.0,3.33,2.67,6.67,4.67,4.0,1.33,4.67,7.33,1.33,3.33,10.0,14.67,-4.67,24.67,8.0,5.39,0.472,0.047,0.118,-0.09,4.119,0.996
P21499, A0A140NCR0,45,1.694243192,1.30685053,0.952274963,-2.09,-2.21,813,100,8.24,1.11,6.4,8.61,3.57,7.26,2.21,4.31,7.01,8.73,2.58,2.09,4.31,4.18,9.1,5.04,4.18,7.38,0.62,3.08,16.11,15.01,1.11,31.12,7.26,9.33,0.439,0.011,0.06,-0.086,4.107,0.979
P69503, A0A140NA53,89,1.121708515,0.770122569,0.684952645,2.19,0.0,183,100,7.65,0.0,6.56,6.56,3.83,10.38,1.09,7.1,6.56,12.57,0.55,1.64,5.46,3.28,4.37,3.83,6.56,8.2,0.0,3.83,10.93,13.11,-2.19,24.04,7.65,5.29,0.503,0.022,0.227,-0.076,3.935,1.015
P0ABU2, A0A140NAR5,63,1.146042904,1.044387643,1.32468343,2.75,-3.31,363,100,10.74,1.65,6.06,9.37,4.68,8.26,1.1,6.34,6.89,8.54,2.2,5.23,4.41,3.03,4.13,1.93,5.51,7.71,0.28,1.93,11.02,15.43,-4.41,26.45,6.89,4.86,0.482,0.044,0.147,-0.084,4.05,0.988
P0AFK0, A0A140NED8,16,0.975029114,0.83175814,0.074244134,-0.89,-1.78,450,100,10.22,1.11,5.11,6.89,2.44,9.78,2.22,6.0,4.22,9.11,2.44,3.11,3.11,3.78,5.11,8.67,6.44,6.44,1.33,2.44,9.33,12.0,-2.67,21.33,6.22,5.47,0.482,0.027,0.165,-0.07,4.096,0.987
P07395, A0A140N8N4,80,1.009848267,0.729743743,0.143246141,-2.26,-1.64,795,100,8.81,1.64,6.54,8.18,2.39,7.8,2.14,6.29,4.4,10.57,1.76,3.9,4.65,3.02,6.67,4.03,4.53,9.94,1.01,1.76,11.07,14.72,-3.65,25.79,5.16,5.19,0.489,0.036,0.175,-0.088,4.078,1.009
P24171, A0A140NBX3,43,0.81431933,0.60496863,0.058396157,-3.08,-1.76,681,100,12.33,0.29,5.43,7.2,5.58,5.58,2.64,4.26,3.38,10.57,2.79,4.99,3.96,6.31,6.46,3.82,4.41,4.55,2.2,3.23,9.84,12.63,-2.79,22.47,11.01,5.59,0.463,0.028,0.111,-0.1,4.118,0.969
P24182, A0A140N7J9,30,1.168720743,1.049197905,0.137557334,-0.89,-3.12,449,100,10.02,1.78,4.68,7.8,3.12,9.58,2.67,9.58,5.57,6.24,3.12,4.01,4.68,3.12,6.46,4.01,3.34,6.68,0.22,3.34,12.03,12.47,-0.45,24.5,6.68,7.03,0.481,0.004,0.183,-0.081,4.109,1.003
P0A759, A0A140NEP7,28,1.164331181,0.926275668,0.068384707,1.13,-2.26,266,100,8.27,1.5,4.51,6.77,4.51,6.39,4.14,5.26,5.64,9.02,3.76,6.02,4.89,2.63,4.51,4.14,6.39,7.89,0.75,3.01,10.15,11.28,-1.13,21.43,8.27,6.78,0.479,0.011,0.173,-0.079,4.181,1.011
P0AGJ5, A0A140N9H5,81,1.509977285,1.30936745,0.73362493,-1.74,0.29,345,100,9.28,1.16,6.67,6.38,2.32,10.43,2.32,2.9,6.38,5.8,2.03,4.06,4.64,4.64,8.12,5.8,5.22,8.41,2.03,1.45,14.49,13.04,1.45,27.54,5.8,9.64,0.424,0.014,0.016,-0.045,4.108,0.95
P0A9J8, A0A140N7E7,44,1.059746798,0.807168798,0.077339751,-1.04,-3.63,386,100,9.84,1.04,3.89,7.51,2.85,4.66,3.89,5.7,4.4,12.95,2.07,4.15,3.89,5.7,5.44,6.48,5.96,6.22,0.52,2.85,9.84,11.4,-1.55,21.24,6.22,6.51,0.481,0.016,0.174,-0.106,4.096,0.999
P21170, A0A140N5H6,48,1.218019948,0.647904353,0.047955521,-2.89,-1.67,658,100,7.45,1.22,6.53,8.21,3.04,7.75,3.19,5.02,2.74,10.18,3.65,3.5,4.26,5.47,5.62,6.23,3.65,7.14,1.37,3.8,8.36,14.74,-6.38,23.1,8.21,4.82,0.467,0.064,0.086,-0.08,4.161,0.987
P08178, A0A140N9R2,93,0.951718375,0.322181496,0.082057325,2.03,0.87,345,100,8.12,2.03,7.25,6.38,2.03,11.3,2.32,6.09,5.22,9.57,2.32,3.19,4.06,2.32,3.19,5.8,4.64,10.14,1.45,2.61,8.41,13.62,-5.22,22.03,6.09,4.8,0.504,0.052,0.2,-0.062,4.084,1.011
P0ADG4, A0A140N4M5,87,1.140079265,1.112636874,1.397183685,-2.62,1.5,267,100,11.99,0.37,6.74,5.24,4.49,8.99,1.5,6.37,4.49,7.49,2.25,5.24,3.37,2.62,7.12,3.37,7.12,7.49,0.75,3.0,11.61,11.99,-0.37,23.6,8.24,6.85,0.481,0.004,0.185,-0.078,4.062,1.0
P76658, A0A140N583,77,0.931527153,0.472486428,0.09332434,0.21,-2.31,477,100,10.69,0.84,5.24,7.55,2.52,9.01,1.05,4.82,5.45,10.27,2.31,3.77,4.61,3.14,5.24,5.24,5.24,10.69,0.63,1.68,10.69,12.79,-2.1,23.48,4.82,5.33,0.5,0.021,0.219,-0.083,4.024,0.999
P0AFY8, A0A140NEN8,13,0.754926615,0.716948299,0.618038186,2.21,-3.87,181,100,10.5,1.1,3.87,7.73,2.76,3.31,2.76,6.08,7.73,8.29,3.87,2.76,4.42,3.87,5.52,7.18,7.73,6.63,0.55,3.31,13.26,11.6,1.66,24.86,6.63,9.53,0.468,0.017,0.136,-0.106,4.116,1.009
P0A8N5, A0A140NE14,59,1.023869621,0.796470329,0.331326065,-4.16,-1.98,505,100,8.12,0.2,7.13,9.11,6.14,6.53,2.18,6.14,3.96,8.91,3.56,3.96,3.76,4.16,8.12,3.37,5.74,5.54,0.4,2.97,12.08,16.24,-4.16,28.32,9.5,5.11,0.456,0.042,0.076,-0.093,4.099,0.99
P23882, A0A140N7N2,90,1.528914178,2.032505692,2.547579437,0.32,-0.95,315,100,10.16,0.95,5.08,6.03,1.9,7.94,0.95,4.76,5.08,12.38,2.86,2.86,6.67,5.4,4.76,5.71,5.4,7.62,2.22,1.27,9.84,11.11,-1.27,20.95,5.4,5.63,0.493,0.013,0.21,-0.075,4.064,0.972
P0A6V8, A0A140N9C3,80,1.035503731,0.705715053,0.217315776,0.31,-2.18,321,100,9.97,1.87,4.67,6.85,4.67,10.9,3.74,7.48,4.98,10.28,1.87,3.43,4.05,0.93,4.67,4.67,3.74,7.79,0.93,2.49,9.66,11.53,-1.87,21.18,8.1,6.35,0.517,0.019,0.27,-0.079,4.073,1.019
Q46856, A0A140N5B5,92,1.029058591,0.419285752,0.081860397,1.03,0.0,387,100,10.85,0.26,5.94,5.94,2.84,8.79,3.36,5.68,5.17,10.34,2.07,4.13,4.91,3.88,4.13,3.1,6.98,7.75,1.29,2.58,9.3,11.89,-2.58,21.19,6.72,5.93,0.486,0.026,0.176,-0.076,4.085,0.992
P52643, A0A140N893,72,0.919690784,1.25990398,0.0,1.52,-2.13,329,100,9.12,1.82,5.47,7.6,5.47,6.99,2.13,4.26,5.78,11.55,3.04,5.47,2.74,3.34,4.26,4.86,5.78,6.99,0.0,3.34,10.03,13.07,-3.04,23.1,8.81,5.34,0.489,0.03,0.18,-0.092,4.103,1.002
P15640, A0A140SS57,89,1.100062903,0.775209978,1.296716372,1.4,-1.17,429,100,12.59,1.4,6.53,7.69,3.5,10.49,2.56,5.13,5.36,7.69,3.03,2.8,4.66,2.8,3.96,2.1,6.06,8.62,1.17,1.86,9.32,14.22,-4.9,23.54,6.53,4.95,0.492,0.049,0.171,-0.073,4.062,0.985
P0A8A2, A0A140N7X1,66,1.586696916,0.994009217,0.972157551,5.46,-2.52,238,100,10.08,0.0,7.14,9.66,4.2,8.82,1.68,8.4,7.98,5.46,1.68,5.04,2.94,2.52,2.52,3.78,6.72,8.4,0.42,2.52,10.5,16.81,-6.3,27.31,7.14,4.69,0.471,0.063,0.099,-0.081,3.994,1.006
P05459, A0A140N5T6,15,0.913659419,1.177143284,0.894250088,-1.32,1.32,378,100,9.79,1.59,7.14,5.82,3.44,8.2,2.65,4.5,5.29,13.23,1.06,2.65,5.03,2.12,6.61,4.23,5.03,8.47,0.79,2.38,11.9,12.96,-1.06,24.87,6.61,6.53,0.496,0.011,0.22,-0.08,4.044,0.997
P0A7E5, A0A140N932,77,0.978103787,0.717167785,0.094857878,-1.28,-2.57,545,100,7.16,1.47,5.32,7.89,3.3,8.26,2.57,7.52,4.77,8.62,2.39,4.4,4.4,3.3,6.06,4.95,4.95,9.17,0.55,2.94,10.83,13.21,-2.39,24.04,6.79,5.79,0.485,0.024,0.175,-0.084,4.136,1.024
P0AFU8, A0A140NBW4,91,1.938452963,1.331698157,2.367472024,1.41,-2.35,213,100,6.1,1.41,5.16,7.51,3.29,8.45,3.29,7.04,5.63,8.92,3.29,5.16,2.82,3.29,4.23,3.76,9.39,9.39,0.94,0.94,9.86,12.68,-2.82,22.54,5.16,5.83,0.489,0.028,0.182,-0.084,4.101,1.035
P0AGD7, A0A140N536,107,0.449123527,0.576489739,0.138825935,3.31,0.44,453,100,9.05,0.22,6.62,6.18,3.31,8.39,1.32,4.42,9.49,9.71,6.18,3.75,3.97,3.97,6.18,3.75,3.97,9.05,0.0,0.44,15.67,12.8,2.87,28.48,3.75,9.98,0.473,0.029,0.137,-0.085,3.989,0.972
P0A6I0, A0A140N8S7,86,1.168067911,0.813365503,0.024706573,-5.29,-0.88,227,100,14.98,0.44,6.61,7.49,3.08,5.29,2.64,4.85,3.08,12.33,1.76,2.2,3.96,3.96,8.37,5.29,3.52,8.81,0.44,0.88,11.45,14.1,-2.64,25.55,4.41,5.69,0.5,0.026,0.215,-0.117,3.931,0.983
P33221, A0A140NAU5,47,0.996355697,0.728220265,0.450868771,-4.08,-3.06,392,100,11.48,1.28,4.59,7.65,3.32,8.93,2.3,5.36,2.81,9.69,2.3,1.53,4.34,5.36,6.89,5.1,4.08,10.46,0.51,2.04,9.69,12.24,-2.55,21.94,5.87,5.57,0.506,0.026,0.233,-0.101,4.03,1.013
P68767, A0A140NEV1,58,0.772257295,0.865734256,0.309519733,-1.59,-3.78,503,100,9.54,1.79,3.78,7.55,2.39,9.74,1.99,5.37,4.77,9.94,3.18,4.57,3.98,4.17,6.36,5.77,4.77,6.76,0.8,2.78,11.13,11.33,-0.2,22.47,5.96,7.32,0.476,0.002,0.172,-0.075,4.122,0.98
P0A9P6, A0A140N4Y7,50,1.169853468,1.253841628,1.147578976,-9.06,-1.91,629,100,8.27,0.16,6.68,8.59,3.02,9.54,1.43,4.93,3.34,10.65,3.02,3.18,4.77,4.13,12.4,3.97,4.77,5.25,0.32,1.59,15.74,15.26,0.48,31.0,4.93,9.23,0.435,0.005,0.055,-0.071,3.985,0.944
P27248, A0A140N8G3,101,1.195343359,0.799518497,0.202931909,-2.47,-1.65,364,100,10.44,0.55,5.49,7.14,4.4,9.34,2.47,5.22,3.57,8.24,3.85,3.3,3.85,4.12,6.04,3.57,6.87,7.42,1.37,2.75,9.62,12.64,-3.02,22.25,8.52,5.43,0.482,0.03,0.162,-0.083,4.125,0.998
P13445, A0A140N8H7,31,1.091845884,0.545974633,0.037474592,-6.67,-5.45,330,100,7.27,0.0,6.97,12.42,2.73,5.76,1.21,5.76,3.64,13.33,1.52,3.94,2.42,4.55,10.3,3.94,5.15,6.06,0.91,2.12,13.94,19.39,-5.45,33.33,5.76,4.86,0.441,0.055,0.023,-0.114,3.946,0.978
P23839, A0A140N613,36,1.468397706,1.020004024,0.123648462,-4.18,-9.06,287,100,9.41,0.35,4.18,13.24,1.74,3.48,0.7,6.27,4.88,11.15,3.14,4.18,2.09,6.62,9.06,4.18,4.18,7.67,1.74,1.74,13.94,17.42,-3.48,31.36,5.23,5.05,0.451,0.035,0.07,-0.146,3.972,0.996
P0A749, A0A140N5X0,64,1.103141755,1.006191011,1.354403173,-1.19,-1.43,419,100,11.22,1.43,5.49,6.92,2.63,9.55,2.15,7.4,4.77,9.07,2.39,2.86,3.82,2.86,5.97,4.06,6.44,9.31,0.48,1.19,10.74,12.41,-1.67,23.15,4.3,5.99,0.508,0.017,0.247,-0.089,4.039,1.015
P0ACI6, A0A140NF27,82,0.977869186,0.767361988,0.077228669,2.63,-0.66,152,100,7.89,1.32,5.26,5.92,1.97,6.58,1.97,12.5,6.58,9.21,3.29,3.29,3.29,4.61,3.95,5.26,6.58,5.92,0.0,4.61,10.53,11.18,-0.66,21.71,6.58,6.67,0.507,0.007,0.254,-0.109,4.071,1.051
P25437, A0A140NF13,71,1.122961057,0.759407168,0.557606824,1.36,-0.27,369,100,8.4,2.71,5.69,5.96,3.79,11.65,3.25,5.96,5.42,5.96,2.17,3.25,4.88,2.44,4.07,4.34,6.23,11.11,0.81,1.9,9.49,11.65,-2.17,21.14,6.5,6.1,0.499,0.022,0.216,-0.055,4.108,1.025
P0A9U3, A0A140NC45,43,1.741297787,0.700019109,0.397585388,0.94,-2.45,530,100,6.04,0.19,6.6,9.06,4.34,7.92,1.51,5.28,6.23,11.7,3.4,4.72,3.21,4.15,5.28,6.42,4.15,5.66,1.13,3.02,11.51,15.66,-4.15,27.17,8.49,4.95,0.458,0.042,0.082,-0.08,4.1,0.976
P0ACC7, A0A140SSB3,95,1.028100425,0.753258986,0.15936333,0.22,0.66,456,100,9.87,0.88,6.36,5.7,1.54,10.75,2.63,6.58,5.48,9.87,1.97,5.26,2.85,4.39,5.26,2.41,6.58,8.55,0.66,2.41,10.75,12.06,-1.32,22.81,4.61,6.37,0.48,0.013,0.174,-0.076,4.044,0.997
P37051, A0A140NAF7,32,1.150426078,0.872274092,0.119898975,-3.93,0.71,280,100,7.86,1.07,6.79,6.07,3.93,5.71,4.64,8.21,3.93,9.64,2.86,5.36,3.57,2.86,7.86,2.86,4.64,8.21,0.0,3.93,11.79,12.86,-1.07,24.64,7.86,6.87,0.482,0.011,0.18,-0.102,4.108,1.036
P0A7X6, A0A140N719,107,0.97938749,1.606721795,1.705096568,4.4,4.4,182,100,4.4,1.1,9.89,5.49,3.3,7.69,1.1,6.04,7.14,8.79,3.3,2.75,3.3,7.14,2.75,6.04,4.4,9.34,3.3,2.75,9.89,15.38,-5.49,25.27,9.34,4.57,0.468,0.055,0.097,-0.079,4.122,1.015
P0A6D3, A0A140ND88,61,1.28261101,0.675163042,0.751600804,-0.94,0.94,427,100,10.77,1.41,6.09,5.15,3.04,8.67,1.87,6.09,3.98,11.24,3.28,4.22,4.22,2.81,4.92,5.15,7.96,5.62,0.47,3.04,8.9,11.24,-2.34,20.14,6.56,5.43,0.499,0.023,0.217,-0.072,4.091,0.99
P11875, A0A140N983,24,1.130745857,1.057139494,1.15042062,0.17,-2.08,577,100,11.44,0.69,6.24,8.32,3.29,6.76,2.43,4.51,5.72,10.23,3.81,3.29,3.29,4.68,5.55,2.77,5.03,7.11,0.87,3.99,11.27,14.56,-3.29,25.82,8.15,5.38,0.471,0.033,0.129,-0.105,4.103,0.988
P0AB77, A0A140N487,38,1.594560615,0.866958042,1.822124159,-2.26,-0.5,398,100,14.07,1.51,6.03,6.53,4.27,9.3,2.51,6.03,4.02,8.29,3.02,3.27,1.76,4.02,6.28,5.03,4.02,6.78,0.5,2.76,10.3,12.56,-2.26,22.86,7.54,5.8,0.495,0.023,0.204,-0.097,4.067,0.991
P69924, A0A140N7A0,46,0.893045112,0.690338006,0.148748453,-0.27,-1.86,376,100,5.85,1.33,6.65,8.51,4.52,3.46,2.13,7.45,4.26,9.84,2.39,4.52,3.46,6.12,4.52,6.91,5.32,6.65,1.86,4.26,8.78,15.16,-6.38,23.94,10.64,4.67,0.469,0.064,0.092,-0.106,4.175,1.029
P0AF12, A0A140NFE6,106,1.215754967,0.758963234,0.312282933,2.16,-1.29,232,100,13.79,2.16,5.17,6.47,3.45,9.48,3.02,7.76,4.74,9.91,1.72,3.88,2.59,3.45,2.59,5.17,3.88,9.05,0.0,1.72,7.33,11.64,-4.31,18.97,5.17,5.12,0.534,0.043,0.293,-0.098,3.998,1.017
P24215, A0A140NE56,83,1.262975009,1.300994894,1.663775837,-1.78,-1.52,394,100,8.88,0.76,7.11,8.63,3.55,6.35,3.3,6.35,5.08,7.36,3.55,3.55,4.82,3.3,6.85,3.05,5.33,7.36,1.78,3.05,11.93,15.74,-3.81,27.66,8.38,5.47,0.455,0.038,0.079,-0.088,4.167,0.997
P12281, A0A140NBL6,65,1.328226599,0.841672786,0.126615954,-3.41,-1.95,411,100,9.0,1.46,4.62,6.57,4.62,10.46,1.22,4.87,2.43,10.46,1.95,3.16,5.84,4.62,5.84,6.08,6.08,8.52,0.97,1.22,8.27,11.19,-2.92,19.46,6.81,5.0,0.503,0.029,0.221,-0.063,4.06,0.993
P0A7I4, A0A140NC65,23,1.177793858,0.786917743,1.449851341,0.57,-0.19,529,100,7.18,1.13,7.18,7.37,4.73,7.18,2.46,4.73,6.43,9.26,3.21,3.4,3.78,4.54,5.86,3.59,6.62,8.13,0.76,2.46,12.29,14.56,-2.27,26.84,7.94,5.81,0.464,0.023,0.118,-0.085,4.146,1.003
P30850, A0A140N9R6,49,0.911305742,0.710618622,0.302903376,-2.8,-0.31,644,100,10.87,1.09,7.76,8.07,4.5,5.75,2.48,6.21,4.97,9.16,2.33,2.8,4.81,3.26,7.76,3.26,4.97,6.83,1.4,1.71,12.73,15.84,-3.11,28.57,7.61,5.46,0.469,0.031,0.125,-0.095,4.105,0.988
P75823, A0A140NBE6,10,0.988211926,1.218455295,0.85450216,-3.0,-0.6,333,100,14.11,1.2,6.01,6.61,2.4,7.51,2.4,4.8,3.9,10.51,3.3,4.5,3.3,3.3,6.91,3.6,4.5,6.91,1.2,3.0,10.81,12.61,-1.8,23.42,6.61,6.01,0.486,0.018,0.184,-0.097,4.076,0.978
P37759, A0A140N8V0,23,0.82872991,1.144018573,0.028965928,0.28,-0.55,361,100,8.86,0.83,6.65,7.2,2.49,6.37,3.6,6.65,5.26,6.65,0.83,5.26,4.43,2.49,4.99,6.37,6.09,7.48,1.94,5.54,10.25,13.85,-3.6,24.1,9.97,5.6,0.45,0.036,0.067,-0.071,4.152,1.01
P0AF20, A0A140N9L7,38,1.162650061,1.13381983,0.149584058,-2.46,-2.71,406,100,9.36,1.97,3.94,6.65,2.71,7.88,3.45,10.34,3.94,10.59,0.74,4.43,3.2,5.67,6.4,5.17,4.68,6.65,0.25,1.97,10.34,10.59,-0.25,20.94,4.93,7.44,0.499,0.002,0.237,-0.103,4.058,1.024
P69811, A0A140N9Z8,91,0.665038379,0.314153218,0.169117148,0.53,2.13,376,100,14.63,0.0,7.71,5.59,2.39,8.51,1.86,3.99,4.52,12.77,2.13,4.26,2.13,5.59,3.99,4.79,6.38,7.71,0.53,0.53,8.51,13.3,-4.79,21.81,3.46,4.77,0.497,0.048,0.185,-0.091,3.905,0.96
P33643, A0A140N6U7,34,1.264111616,1.278488658,1.845520226,-4.6,-2.15,326,100,7.67,0.31,6.13,8.28,1.84,5.83,5.52,7.06,3.99,7.98,3.68,1.84,7.06,3.99,8.59,2.45,5.83,8.59,0.92,2.45,12.58,14.42,-1.84,26.99,5.21,6.65,0.454,0.018,0.094,-0.087,4.085,1.004
P0A9C0, A0A140N619,6,0.710037077,0.552595227,0.118468619,-6.27,-0.74,542,100,10.89,2.58,5.9,6.64,1.66,8.49,2.58,6.83,2.58,9.96,1.48,3.32,3.87,3.14,8.86,4.8,6.64,7.2,1.11,1.48,11.44,12.55,-1.11,23.99,4.24,6.48,0.485,0.011,0.189,-0.083,4.06,0.998
P0AG16, A0A140N9W7,16,0.914503052,0.810978434,0.06862535,-4.36,0.4,505,100,9.31,1.39,7.13,6.73,4.36,6.93,1.98,8.32,3.37,7.52,2.38,6.14,3.76,3.76,7.72,4.55,3.96,7.13,0.2,3.37,11.09,13.86,-2.77,24.95,7.92,5.38,0.473,0.028,0.139,-0.085,4.116,1.006
P21507, A0A140N989,69,1.15019708,1.228157135,0.908768874,-1.13,-2.7,444,100,9.68,0.45,5.86,8.56,2.48,6.08,3.38,5.41,7.66,9.91,1.58,2.48,4.95,3.15,8.78,3.6,7.43,6.08,0.68,1.8,16.44,14.41,2.03,30.86,4.95,9.72,0.438,0.02,0.049,-0.088,4.046,0.973
P24186, A0A140NEF5,44,1.199246612,0.691774783,0.062888884,-1.74,0.0,288,100,9.38,1.74,5.9,5.9,2.08,8.33,2.08,7.64,4.17,9.03,1.39,4.51,5.9,3.12,5.9,3.47,5.9,11.11,0.35,2.08,10.07,11.81,-1.74,21.88,4.51,5.91,0.505,0.017,0.239,-0.078,4.055,1.027
P17117, A0A140NE11,77,1.29073718,1.014572555,0.837993838,-3.33,-0.83,240,100,9.58,2.08,5.0,5.83,2.92,6.25,3.33,7.5,3.33,12.92,1.25,3.75,4.58,5.42,6.67,6.25,5.42,3.75,1.67,2.5,10.0,10.83,-0.83,20.83,7.08,6.83,0.483,0.008,0.185,-0.089,4.119,0.988
P0A6J5, A0A140NCJ4,12,0.650133403,0.39732118,0.138467183,-3.7,-1.39,432,100,9.49,1.39,4.63,6.02,2.78,9.72,2.08,4.17,3.01,9.95,3.01,3.01,5.32,5.09,6.71,4.4,6.71,6.94,1.85,3.7,9.72,10.65,-0.93,20.37,8.33,6.46,0.476,0.009,0.166,-0.069,4.138,0.988
P0AFI2, A0A140N7T4,18,0.813377908,0.846947261,0.168830842,-1.86,-0.8,752,100,8.64,0.27,6.52,7.31,1.99,6.78,1.86,5.45,5.59,11.44,3.99,3.72,5.72,3.99,7.45,5.85,4.12,6.12,0.66,2.53,13.03,13.83,-0.8,26.86,5.19,6.5,0.459,0.008,0.119,-0.076,4.083,0.96
P60240, A0A140NB60,38,1.091071815,0.623990963,0.104136681,-4.96,-1.55,968,100,8.78,0.62,6.92,8.47,3.82,5.58,3.0,5.17,2.69,12.09,2.48,4.13,3.72,5.89,7.64,5.17,4.65,5.99,1.24,1.96,10.33,15.39,-5.06,25.72,7.02,5.03,0.461,0.051,0.081,-0.097,4.098,0.976
P33232, A0A140N3Q3,4,1.046514223,0.337826991,0.233546481,-3.03,2.53,396,100,13.64,0.76,6.57,4.04,2.78,9.09,1.52,5.56,3.54,10.86,3.79,3.54,5.05,2.53,6.57,5.56,3.79,6.31,1.77,2.78,10.1,10.61,-0.51,20.71,7.32,6.68,0.504,0.005,0.248,-0.075,4.058,0.971
P46837, A0A140N763,91,1.234792213,0.999175151,0.179400784,-1.55,-0.39,773,100,11.51,0.65,6.73,7.12,2.72,6.6,2.07,4.01,5.43,10.09,2.46,4.01,4.66,4.53,6.99,4.4,5.3,8.02,0.78,1.94,12.42,13.84,-1.42,26.26,5.43,6.13,0.463,0.014,0.124,-0.085,4.077,0.969
P37349, A0A140NCT8,74,0.96835014,0.108768083,0.021829915,-0.42,-1.91,472,100,11.86,1.69,6.36,8.26,1.91,4.66,2.33,5.51,3.6,13.14,2.12,2.54,4.66,5.51,4.03,6.14,5.93,6.99,0.42,2.33,7.63,14.62,-6.99,22.25,4.66,4.58,0.498,0.07,0.166,-0.103,4.037,0.986
Q57261, A0A140N964,52,2.059190061,1.081110658,0.97677196,-2.58,-2.87,349,100,11.46,1.15,5.16,8.02,4.58,7.45,1.72,3.44,4.87,10.89,1.15,4.3,2.87,5.44,7.45,3.44,4.58,8.02,2.58,1.43,12.32,13.18,-0.86,25.5,8.6,6.41,0.47,0.009,0.15,-0.104,4.067,0.987
P0A6Z1, A0A140N793,102,1.039205352,0.852455661,0.042686829,-3.73,1.95,616,100,13.96,0.32,7.79,5.84,2.11,7.95,2.11,5.36,2.92,10.88,2.11,1.95,3.57,5.19,6.66,6.17,4.71,8.6,0.16,1.62,9.58,13.64,-4.06,23.21,3.9,4.97,0.497,0.041,0.192,-0.093,3.952,0.978
P08957, A0A140NE26,122,1.511644267,0.965184068,0.370046115,0.38,1.51,529,100,6.81,1.13,8.51,6.99,3.97,7.75,3.02,3.97,5.48,10.96,2.08,5.29,4.35,4.35,5.1,4.73,6.43,5.29,1.51,2.27,10.59,15.5,-4.91,26.09,7.75,5.04,0.441,0.049,0.029,-0.055,4.151,0.958
P0A6L4, A0A140N3N8,16,1.165620965,0.909794825,1.025067665,1.35,-0.34,297,100,8.75,1.35,5.39,5.72,3.37,9.09,1.68,5.72,5.39,11.45,2.36,2.36,3.7,7.07,4.04,5.05,4.71,8.08,0.34,4.38,9.43,11.11,-1.68,20.54,8.08,5.75,0.497,0.017,0.215,-0.092,4.086,1.013
P0AEI1, A0A140NE43,71,0.916735415,0.699989564,0.073554921,-3.16,-1.48,474,100,5.91,1.27,6.96,8.44,3.8,6.75,1.9,7.17,4.43,7.81,2.95,3.59,4.64,3.8,7.59,5.49,6.33,7.38,0.84,2.95,12.03,15.4,-3.38,27.43,7.59,5.23,0.458,0.034,0.091,-0.079,4.156,1.009
P0AFL6, A0A140N5E7,47,0.677952816,0.724372557,0.128571324,-3.31,-4.29,513,100,7.99,0.78,3.9,8.19,4.09,6.82,3.31,5.65,4.09,12.48,3.31,3.51,4.29,5.65,7.41,5.07,4.68,5.65,1.56,1.56,11.5,12.09,-0.58,23.59,7.21,6.99,0.473,0.006,0.162,-0.099,4.124,0.987
P14175, A0A140N655,73,0.886352985,0.517520148,0.094952576,-1.75,-0.5,400,100,9.0,0.25,6.75,7.25,3.25,8.0,1.5,7.75,5.0,11.25,3.25,3.5,3.75,5.25,6.75,5.0,3.5,7.0,0.0,2.0,11.75,14.0,-2.25,25.75,5.25,5.43,0.485,0.022,0.177,-0.096,4.031,0.989
P75864, A0A140ND50,22,1.144022103,0.177686027,0.16986925,-1.85,1.28,702,100,9.83,1.14,6.41,5.13,3.42,7.41,2.28,4.27,5.56,11.97,2.42,4.56,3.7,4.13,7.41,5.13,5.27,4.84,1.99,3.13,12.96,11.54,1.42,24.5,8.55,9.54,0.46,0.014,0.116,-0.079,4.139,0.97
P0A7E3, A0A140N4N0,72,1.068639598,0.853417959,0.50340853,0.0,-3.76,213,100,10.8,0.94,5.16,8.92,5.63,8.92,1.88,7.04,5.63,10.8,1.88,2.82,2.82,3.29,5.63,4.23,4.23,5.63,0.0,3.76,11.27,14.08,-2.82,25.35,9.39,5.38,0.494,0.028,0.195,-0.102,4.035,1.003
P04983, A0A140SSA9,49,1.480751875,0.935153609,0.109620869,0.8,-1.6,501,100,6.79,0.4,5.79,7.39,3.39,9.78,1.4,6.79,6.39,11.18,3.99,2.99,2.79,3.99,5.59,5.99,5.19,7.78,0.4,2.0,11.98,13.17,-1.2,25.15,5.79,5.98,0.49,0.012,0.202,-0.088,4.056,1.005
Q46938, A0A140N3X2,63,1.014289216,1.007080875,1.07052636,0.0,0.36,278,100,5.4,1.8,6.12,5.76,3.96,8.63,4.32,5.76,4.32,5.4,4.32,3.96,3.96,3.24,4.32,4.68,8.27,10.43,1.08,4.32,8.63,11.87,-3.24,20.5,9.35,5.94,0.479,0.032,0.15,-0.068,4.191,1.051
P30744, A0A140N429,90,1.138712573,0.606001351,0.072171944,-0.66,-0.66,455,100,11.43,2.2,5.27,5.93,2.2,8.79,2.64,6.15,3.96,8.35,4.18,4.4,3.74,3.3,4.62,6.15,4.62,9.01,0.44,2.64,8.57,11.21,-2.64,19.78,5.27,5.63,0.506,0.026,0.231,-0.081,4.115,1.005
P23862, A0A140NEL4,78,0.625051879,0.34241037,1.04149729,-11.43,-6.29,175,100,16.57,1.71,3.43,9.71,2.29,1.14,3.43,2.29,2.86,14.29,1.14,1.14,2.29,8.57,14.29,2.86,5.14,4.0,2.29,0.57,17.14,13.14,4.0,30.29,5.14,10.97,0.439,0.04,0.031,-0.163,3.758,0.953
P0AAF3, A0A140N6W1,38,1.052770736,0.240981547,0.325307093,-1.19,-1.19,504,100,9.33,0.6,5.16,6.35,2.38,9.52,2.58,8.33,4.37,9.52,3.37,3.77,3.77,4.76,5.56,5.75,3.77,7.54,0.79,2.78,9.92,11.51,-1.59,21.43,5.95,6.2,0.494,0.016,0.21,-0.087,4.101,1.004
